output_path,split,design,idx,status,file
C:\ffzhzh\SyncFiles\Temp\HFSS_sim\LHS150_50_Connection2,train,TSV_RDL,0,skipped,C:\ffzhzh\SyncFiles\Temp\HFSS_sim\LHS150_50_Connection2\train\TSV_RDL\dut0.s2p
C:\ffzhzh\SyncFiles\Temp\HFSS_sim\LHS150_50_Connection2,train,TSV_RDL,1,skipped,C:\ffzhzh\SyncFiles\Temp\HFSS_sim\LHS150_50_Connection2\train\TSV_RDL\dut1.s2p
C:\ffzhzh\SyncFiles\Temp\HFSS_sim\LHS150_50_Connection2,train,TSV_RDL,2,skipped,C:\ffzhzh\SyncFiles\Temp\HFSS_sim\LHS150_50_Connection2\train\TSV_RDL\dut2.s2p
C:\ffzhzh\SyncFiles\Temp\HFSS_sim\LHS150_50_Connection2,train,TSV_RDL,3,skipped,C:\ffzhzh\SyncFiles\Temp\HFSS_sim\LHS150_50_Connection2\train\TSV_RDL\dut3.s2p
C:\ffzhzh\SyncFiles\Temp\HFSS_sim\LHS150_50_Connection2,train,TSV_RDL,4,skipped,C:\ffzhzh\SyncFiles\Temp\HFSS_sim\LHS150_50_Connection2\train\TSV_RDL\dut4.s2p
C:\ffzhzh\SyncFiles\Temp\HFSS_sim\LHS150_50_Connection2,train,TSV_RDL,5,skipped,C:\ffzhzh\SyncFiles\Temp\HFSS_sim\LHS150_50_Connection2\train\TSV_RDL\dut5.s2p
C:\ffzhzh\SyncFiles\Temp\HFSS_sim\LHS150_50_Connection2,train,TSV_RDL,6,skipped,C:\ffzhzh\SyncFiles\Temp\HFSS_sim\LHS150_50_Connection2\train\TSV_RDL\dut6.s2p
C:\ffzhzh\SyncFiles\Temp\HFSS_sim\LHS150_50_Connection2,train,TSV_RDL,7,skipped,C:\ffzhzh\SyncFiles\Temp\HFSS_sim\LHS150_50_Connection2\train\TSV_RDL\dut7.s2p
C:\ffzhzh\SyncFiles\Temp\HFSS_sim\LHS150_50_Connection2,train,TSV_RDL,8,skipped,C:\ffzhzh\SyncFiles\Temp\HFSS_sim\LHS150_50_Connection2\train\TSV_RDL\dut8.s2p
C:\ffzhzh\SyncFiles\Temp\HFSS_sim\LHS150_50_Connection2,train,TSV_RDL,9,skipped,C:\ffzhzh\SyncFiles\Temp\HFSS_sim\LHS150_50_Connection2\train\TSV_RDL\dut9.s2p
C:\ffzhzh\SyncFiles\Temp\HFSS_sim\LHS150_50_Connection2,train,TSV_RDL,10,skipped,C:\ffzhzh\SyncFiles\Temp\HFSS_sim\LHS150_50_Connection2\train\TSV_RDL\dut10.s2p
C:\ffzhzh\SyncFiles\Temp\HFSS_sim\LHS150_50_Connection2,train,TSV_RDL,11,skipped,C:\ffzhzh\SyncFiles\Temp\HFSS_sim\LHS150_50_Connection2\train\TSV_RDL\dut11.s2p
C:\ffzhzh\SyncFiles\Temp\HFSS_sim\LHS150_50_Connection2,train,TSV_RDL,12,skipped,C:\ffzhzh\SyncFiles\Temp\HFSS_sim\LHS150_50_Connection2\train\TSV_RDL\dut12.s2p
C:\ffzhzh\SyncFiles\Temp\HFSS_sim\LHS150_50_Connection2,train,TSV_RDL,13,skipped,C:\ffzhzh\SyncFiles\Temp\HFSS_sim\LHS150_50_Connection2\train\TSV_RDL\dut13.s2p
C:\ffzhzh\SyncFiles\Temp\HFSS_sim\LHS150_50_Connection2,train,TSV_RDL,14,skipped,C:\ffzhzh\SyncFiles\Temp\HFSS_sim\LHS150_50_Connection2\train\TSV_RDL\dut14.s2p
C:\ffzhzh\SyncFiles\Temp\HFSS_sim\LHS150_50_Connection2,train,TSV_RDL,15,skipped,C:\ffzhzh\SyncFiles\Temp\HFSS_sim\LHS150_50_Connection2\train\TSV_RDL\dut15.s2p
C:\ffzhzh\SyncFiles\Temp\HFSS_sim\LHS150_50_Connection2,train,TSV_RDL,16,skipped,C:\ffzhzh\SyncFiles\Temp\HFSS_sim\LHS150_50_Connection2\train\TSV_RDL\dut16.s2p
C:\ffzhzh\SyncFiles\Temp\HFSS_sim\LHS150_50_Connection2,train,TSV_RDL,17,skipped,C:\ffzhzh\SyncFiles\Temp\HFSS_sim\LHS150_50_Connection2\train\TSV_RDL\dut17.s2p
C:\ffzhzh\SyncFiles\Temp\HFSS_sim\LHS150_50_Connection2,train,TSV_RDL,18,skipped,C:\ffzhzh\SyncFiles\Temp\HFSS_sim\LHS150_50_Connection2\train\TSV_RDL\dut18.s2p
C:\ffzhzh\SyncFiles\Temp\HFSS_sim\LHS150_50_Connection2,train,TSV_RDL,19,skipped,C:\ffzhzh\SyncFiles\Temp\HFSS_sim\LHS150_50_Connection2\train\TSV_RDL\dut19.s2p
C:\ffzhzh\SyncFiles\Temp\HFSS_sim\LHS150_50_Connection2,train,TSV_RDL,20,skipped,C:\ffzhzh\SyncFiles\Temp\HFSS_sim\LHS150_50_Connection2\train\TSV_RDL\dut20.s2p
C:\ffzhzh\SyncFiles\Temp\HFSS_sim\LHS150_50_Connection2,train,TSV_RDL,21,skipped,C:\ffzhzh\SyncFiles\Temp\HFSS_sim\LHS150_50_Connection2\train\TSV_RDL\dut21.s2p
C:\ffzhzh\SyncFiles\Temp\HFSS_sim\LHS150_50_Connection2,train,TSV_RDL,22,skipped,C:\ffzhzh\SyncFiles\Temp\HFSS_sim\LHS150_50_Connection2\train\TSV_RDL\dut22.s2p
C:\ffzhzh\SyncFiles\Temp\HFSS_sim\LHS150_50_Connection2,train,TSV_RDL,23,skipped,C:\ffzhzh\SyncFiles\Temp\HFSS_sim\LHS150_50_Connection2\train\TSV_RDL\dut23.s2p
C:\ffzhzh\SyncFiles\Temp\HFSS_sim\LHS150_50_Connection2,train,TSV_RDL,24,skipped,C:\ffzhzh\SyncFiles\Temp\HFSS_sim\LHS150_50_Connection2\train\TSV_RDL\dut24.s2p
C:\ffzhzh\SyncFiles\Temp\HFSS_sim\LHS150_50_Connection2,train,TSV_RDL,25,skipped,C:\ffzhzh\SyncFiles\Temp\HFSS_sim\LHS150_50_Connection2\train\TSV_RDL\dut25.s2p
C:\ffzhzh\SyncFiles\Temp\HFSS_sim\LHS150_50_Connection2,train,TSV_RDL,26,skipped,C:\ffzhzh\SyncFiles\Temp\HFSS_sim\LHS150_50_Connection2\train\TSV_RDL\dut26.s2p
C:\ffzhzh\SyncFiles\Temp\HFSS_sim\LHS150_50_Connection2,train,TSV_RDL,27,skipped,C:\ffzhzh\SyncFiles\Temp\HFSS_sim\LHS150_50_Connection2\train\TSV_RDL\dut27.s2p
C:\ffzhzh\SyncFiles\Temp\HFSS_sim\LHS150_50_Connection2,train,TSV_RDL,28,skipped,C:\ffzhzh\SyncFiles\Temp\HFSS_sim\LHS150_50_Connection2\train\TSV_RDL\dut28.s2p
C:\ffzhzh\SyncFiles\Temp\HFSS_sim\LHS150_50_Connection2,train,TSV_RDL,29,skipped,C:\ffzhzh\SyncFiles\Temp\HFSS_sim\LHS150_50_Connection2\train\TSV_RDL\dut29.s2p
C:\ffzhzh\SyncFiles\Temp\HFSS_sim\LHS150_50_Connection2,train,TSV_RDL,30,skipped,C:\ffzhzh\SyncFiles\Temp\HFSS_sim\LHS150_50_Connection2\train\TSV_RDL\dut30.s2p
C:\ffzhzh\SyncFiles\Temp\HFSS_sim\LHS150_50_Connection2,train,TSV_RDL,31,skipped,C:\ffzhzh\SyncFiles\Temp\HFSS_sim\LHS150_50_Connection2\train\TSV_RDL\dut31.s2p
C:\ffzhzh\SyncFiles\Temp\HFSS_sim\LHS150_50_Connection2,train,TSV_RDL,32,skipped,C:\ffzhzh\SyncFiles\Temp\HFSS_sim\LHS150_50_Connection2\train\TSV_RDL\dut32.s2p
C:\ffzhzh\SyncFiles\Temp\HFSS_sim\LHS150_50_Connection2,train,TSV_RDL,33,skipped,C:\ffzhzh\SyncFiles\Temp\HFSS_sim\LHS150_50_Connection2\train\TSV_RDL\dut33.s2p
C:\ffzhzh\SyncFiles\Temp\HFSS_sim\LHS150_50_Connection2,train,TSV_RDL,34,skipped,C:\ffzhzh\SyncFiles\Temp\HFSS_sim\LHS150_50_Connection2\train\TSV_RDL\dut34.s2p
C:\ffzhzh\SyncFiles\Temp\HFSS_sim\LHS150_50_Connection2,train,TSV_RDL,35,skipped,C:\ffzhzh\SyncFiles\Temp\HFSS_sim\LHS150_50_Connection2\train\TSV_RDL\dut35.s2p
C:\ffzhzh\SyncFiles\Temp\HFSS_sim\LHS150_50_Connection2,train,TSV_RDL,36,skipped,C:\ffzhzh\SyncFiles\Temp\HFSS_sim\LHS150_50_Connection2\train\TSV_RDL\dut36.s2p
C:\ffzhzh\SyncFiles\Temp\HFSS_sim\LHS150_50_Connection2,train,TSV_RDL,37,skipped,C:\ffzhzh\SyncFiles\Temp\HFSS_sim\LHS150_50_Connection2\train\TSV_RDL\dut37.s2p
C:\ffzhzh\SyncFiles\Temp\HFSS_sim\LHS150_50_Connection2,train,TSV_RDL,38,skipped,C:\ffzhzh\SyncFiles\Temp\HFSS_sim\LHS150_50_Connection2\train\TSV_RDL\dut38.s2p
C:\ffzhzh\SyncFiles\Temp\HFSS_sim\LHS150_50_Connection2,train,TSV_RDL,39,skipped,C:\ffzhzh\SyncFiles\Temp\HFSS_sim\LHS150_50_Connection2\train\TSV_RDL\dut39.s2p
C:\ffzhzh\SyncFiles\Temp\HFSS_sim\LHS150_50_Connection2,train,TSV_RDL,40,skipped,C:\ffzhzh\SyncFiles\Temp\HFSS_sim\LHS150_50_Connection2\train\TSV_RDL\dut40.s2p
C:\ffzhzh\SyncFiles\Temp\HFSS_sim\LHS150_50_Connection2,train,TSV_RDL,41,skipped,C:\ffzhzh\SyncFiles\Temp\HFSS_sim\LHS150_50_Connection2\train\TSV_RDL\dut41.s2p
C:\ffzhzh\SyncFiles\Temp\HFSS_sim\LHS150_50_Connection2,train,TSV_RDL,42,skipped,C:\ffzhzh\SyncFiles\Temp\HFSS_sim\LHS150_50_Connection2\train\TSV_RDL\dut42.s2p
C:\ffzhzh\SyncFiles\Temp\HFSS_sim\LHS150_50_Connection2,train,TSV_RDL,43,skipped,C:\ffzhzh\SyncFiles\Temp\HFSS_sim\LHS150_50_Connection2\train\TSV_RDL\dut43.s2p
C:\ffzhzh\SyncFiles\Temp\HFSS_sim\LHS150_50_Connection2,train,TSV_RDL,44,skipped,C:\ffzhzh\SyncFiles\Temp\HFSS_sim\LHS150_50_Connection2\train\TSV_RDL\dut44.s2p
C:\ffzhzh\SyncFiles\Temp\HFSS_sim\LHS150_50_Connection2,train,TSV_RDL,45,skipped,C:\ffzhzh\SyncFiles\Temp\HFSS_sim\LHS150_50_Connection2\train\TSV_RDL\dut45.s2p
C:\ffzhzh\SyncFiles\Temp\HFSS_sim\LHS150_50_Connection2,train,TSV_RDL,46,skipped,C:\ffzhzh\SyncFiles\Temp\HFSS_sim\LHS150_50_Connection2\train\TSV_RDL\dut46.s2p
C:\ffzhzh\SyncFiles\Temp\HFSS_sim\LHS150_50_Connection2,train,TSV_RDL,47,skipped,C:\ffzhzh\SyncFiles\Temp\HFSS_sim\LHS150_50_Connection2\train\TSV_RDL\dut47.s2p
C:\ffzhzh\SyncFiles\Temp\HFSS_sim\LHS150_50_Connection2,train,TSV_RDL,48,skipped,C:\ffzhzh\SyncFiles\Temp\HFSS_sim\LHS150_50_Connection2\train\TSV_RDL\dut48.s2p
C:\ffzhzh\SyncFiles\Temp\HFSS_sim\LHS150_50_Connection2,train,TSV_RDL,49,skipped,C:\ffzhzh\SyncFiles\Temp\HFSS_sim\LHS150_50_Connection2\train\TSV_RDL\dut49.s2p
C:\ffzhzh\SyncFiles\Temp\HFSS_sim\LHS150_50_Connection2,train,TSV_RDL,50,skipped,C:\ffzhzh\SyncFiles\Temp\HFSS_sim\LHS150_50_Connection2\train\TSV_RDL\dut50.s2p
C:\ffzhzh\SyncFiles\Temp\HFSS_sim\LHS150_50_Connection2,train,TSV_RDL,51,skipped,C:\ffzhzh\SyncFiles\Temp\HFSS_sim\LHS150_50_Connection2\train\TSV_RDL\dut51.s2p
C:\ffzhzh\SyncFiles\Temp\HFSS_sim\LHS150_50_Connection2,train,TSV_RDL,52,skipped,C:\ffzhzh\SyncFiles\Temp\HFSS_sim\LHS150_50_Connection2\train\TSV_RDL\dut52.s2p
C:\ffzhzh\SyncFiles\Temp\HFSS_sim\LHS150_50_Connection2,train,TSV_RDL,53,skipped,C:\ffzhzh\SyncFiles\Temp\HFSS_sim\LHS150_50_Connection2\train\TSV_RDL\dut53.s2p
C:\ffzhzh\SyncFiles\Temp\HFSS_sim\LHS150_50_Connection2,train,TSV_RDL,54,skipped,C:\ffzhzh\SyncFiles\Temp\HFSS_sim\LHS150_50_Connection2\train\TSV_RDL\dut54.s2p
C:\ffzhzh\SyncFiles\Temp\HFSS_sim\LHS150_50_Connection2,train,TSV_RDL,55,skipped,C:\ffzhzh\SyncFiles\Temp\HFSS_sim\LHS150_50_Connection2\train\TSV_RDL\dut55.s2p
C:\ffzhzh\SyncFiles\Temp\HFSS_sim\LHS150_50_Connection2,train,TSV_RDL,56,skipped,C:\ffzhzh\SyncFiles\Temp\HFSS_sim\LHS150_50_Connection2\train\TSV_RDL\dut56.s2p
C:\ffzhzh\SyncFiles\Temp\HFSS_sim\LHS150_50_Connection2,train,TSV_RDL,57,skipped,C:\ffzhzh\SyncFiles\Temp\HFSS_sim\LHS150_50_Connection2\train\TSV_RDL\dut57.s2p
C:\ffzhzh\SyncFiles\Temp\HFSS_sim\LHS150_50_Connection2,train,TSV_RDL,58,skipped,C:\ffzhzh\SyncFiles\Temp\HFSS_sim\LHS150_50_Connection2\train\TSV_RDL\dut58.s2p
C:\ffzhzh\SyncFiles\Temp\HFSS_sim\LHS150_50_Connection2,train,TSV_RDL,59,skipped,C:\ffzhzh\SyncFiles\Temp\HFSS_sim\LHS150_50_Connection2\train\TSV_RDL\dut59.s2p
C:\ffzhzh\SyncFiles\Temp\HFSS_sim\LHS150_50_Connection2,train,TSV_RDL,60,skipped,C:\ffzhzh\SyncFiles\Temp\HFSS_sim\LHS150_50_Connection2\train\TSV_RDL\dut60.s2p
C:\ffzhzh\SyncFiles\Temp\HFSS_sim\LHS150_50_Connection2,train,TSV_RDL,61,skipped,C:\ffzhzh\SyncFiles\Temp\HFSS_sim\LHS150_50_Connection2\train\TSV_RDL\dut61.s2p
C:\ffzhzh\SyncFiles\Temp\HFSS_sim\LHS150_50_Connection2,train,TSV_RDL,62,skipped,C:\ffzhzh\SyncFiles\Temp\HFSS_sim\LHS150_50_Connection2\train\TSV_RDL\dut62.s2p
C:\ffzhzh\SyncFiles\Temp\HFSS_sim\LHS150_50_Connection2,train,TSV_RDL,63,skipped,C:\ffzhzh\SyncFiles\Temp\HFSS_sim\LHS150_50_Connection2\train\TSV_RDL\dut63.s2p
C:\ffzhzh\SyncFiles\Temp\HFSS_sim\LHS150_50_Connection2,train,TSV_RDL,64,skipped,C:\ffzhzh\SyncFiles\Temp\HFSS_sim\LHS150_50_Connection2\train\TSV_RDL\dut64.s2p
C:\ffzhzh\SyncFiles\Temp\HFSS_sim\LHS150_50_Connection2,train,TSV_RDL,65,skipped,C:\ffzhzh\SyncFiles\Temp\HFSS_sim\LHS150_50_Connection2\train\TSV_RDL\dut65.s2p
C:\ffzhzh\SyncFiles\Temp\HFSS_sim\LHS150_50_Connection2,train,TSV_RDL,66,skipped,C:\ffzhzh\SyncFiles\Temp\HFSS_sim\LHS150_50_Connection2\train\TSV_RDL\dut66.s2p
C:\ffzhzh\SyncFiles\Temp\HFSS_sim\LHS150_50_Connection2,train,TSV_RDL,67,skipped,C:\ffzhzh\SyncFiles\Temp\HFSS_sim\LHS150_50_Connection2\train\TSV_RDL\dut67.s2p
C:\ffzhzh\SyncFiles\Temp\HFSS_sim\LHS150_50_Connection2,train,TSV_RDL,68,skipped,C:\ffzhzh\SyncFiles\Temp\HFSS_sim\LHS150_50_Connection2\train\TSV_RDL\dut68.s2p
C:\ffzhzh\SyncFiles\Temp\HFSS_sim\LHS150_50_Connection2,train,TSV_RDL,69,skipped,C:\ffzhzh\SyncFiles\Temp\HFSS_sim\LHS150_50_Connection2\train\TSV_RDL\dut69.s2p
C:\ffzhzh\SyncFiles\Temp\HFSS_sim\LHS150_50_Connection2,train,TSV_RDL,70,skipped,C:\ffzhzh\SyncFiles\Temp\HFSS_sim\LHS150_50_Connection2\train\TSV_RDL\dut70.s2p
C:\ffzhzh\SyncFiles\Temp\HFSS_sim\LHS150_50_Connection2,train,TSV_RDL,71,skipped,C:\ffzhzh\SyncFiles\Temp\HFSS_sim\LHS150_50_Connection2\train\TSV_RDL\dut71.s2p
C:\ffzhzh\SyncFiles\Temp\HFSS_sim\LHS150_50_Connection2,train,TSV_RDL,72,skipped,C:\ffzhzh\SyncFiles\Temp\HFSS_sim\LHS150_50_Connection2\train\TSV_RDL\dut72.s2p
C:\ffzhzh\SyncFiles\Temp\HFSS_sim\LHS150_50_Connection2,train,TSV_RDL,73,skipped,C:\ffzhzh\SyncFiles\Temp\HFSS_sim\LHS150_50_Connection2\train\TSV_RDL\dut73.s2p
C:\ffzhzh\SyncFiles\Temp\HFSS_sim\LHS150_50_Connection2,train,TSV_RDL,74,skipped,C:\ffzhzh\SyncFiles\Temp\HFSS_sim\LHS150_50_Connection2\train\TSV_RDL\dut74.s2p
C:\ffzhzh\SyncFiles\Temp\HFSS_sim\LHS150_50_Connection2,train,TSV_RDL,75,skipped,C:\ffzhzh\SyncFiles\Temp\HFSS_sim\LHS150_50_Connection2\train\TSV_RDL\dut75.s2p
C:\ffzhzh\SyncFiles\Temp\HFSS_sim\LHS150_50_Connection2,train,TSV_RDL,76,skipped,C:\ffzhzh\SyncFiles\Temp\HFSS_sim\LHS150_50_Connection2\train\TSV_RDL\dut76.s2p
C:\ffzhzh\SyncFiles\Temp\HFSS_sim\LHS150_50_Connection2,train,TSV_RDL,77,skipped,C:\ffzhzh\SyncFiles\Temp\HFSS_sim\LHS150_50_Connection2\train\TSV_RDL\dut77.s2p
C:\ffzhzh\SyncFiles\Temp\HFSS_sim\LHS150_50_Connection2,train,TSV_RDL,78,skipped,C:\ffzhzh\SyncFiles\Temp\HFSS_sim\LHS150_50_Connection2\train\TSV_RDL\dut78.s2p
C:\ffzhzh\SyncFiles\Temp\HFSS_sim\LHS150_50_Connection2,train,TSV_RDL,79,skipped,C:\ffzhzh\SyncFiles\Temp\HFSS_sim\LHS150_50_Connection2\train\TSV_RDL\dut79.s2p
C:\ffzhzh\SyncFiles\Temp\HFSS_sim\LHS150_50_Connection2,train,TSV_RDL,80,skipped,C:\ffzhzh\SyncFiles\Temp\HFSS_sim\LHS150_50_Connection2\train\TSV_RDL\dut80.s2p
C:\ffzhzh\SyncFiles\Temp\HFSS_sim\LHS150_50_Connection2,train,TSV_RDL,81,skipped,C:\ffzhzh\SyncFiles\Temp\HFSS_sim\LHS150_50_Connection2\train\TSV_RDL\dut81.s2p
C:\ffzhzh\SyncFiles\Temp\HFSS_sim\LHS150_50_Connection2,train,TSV_RDL,82,skipped,C:\ffzhzh\SyncFiles\Temp\HFSS_sim\LHS150_50_Connection2\train\TSV_RDL\dut82.s2p
C:\ffzhzh\SyncFiles\Temp\HFSS_sim\LHS150_50_Connection2,train,TSV_RDL,83,skipped,C:\ffzhzh\SyncFiles\Temp\HFSS_sim\LHS150_50_Connection2\train\TSV_RDL\dut83.s2p
C:\ffzhzh\SyncFiles\Temp\HFSS_sim\LHS150_50_Connection2,train,TSV_RDL,84,skipped,C:\ffzhzh\SyncFiles\Temp\HFSS_sim\LHS150_50_Connection2\train\TSV_RDL\dut84.s2p
C:\ffzhzh\SyncFiles\Temp\HFSS_sim\LHS150_50_Connection2,train,TSV_RDL,85,skipped,C:\ffzhzh\SyncFiles\Temp\HFSS_sim\LHS150_50_Connection2\train\TSV_RDL\dut85.s2p
C:\ffzhzh\SyncFiles\Temp\HFSS_sim\LHS150_50_Connection2,train,TSV_RDL,86,skipped,C:\ffzhzh\SyncFiles\Temp\HFSS_sim\LHS150_50_Connection2\train\TSV_RDL\dut86.s2p
C:\ffzhzh\SyncFiles\Temp\HFSS_sim\LHS150_50_Connection2,train,TSV_RDL,87,skipped,C:\ffzhzh\SyncFiles\Temp\HFSS_sim\LHS150_50_Connection2\train\TSV_RDL\dut87.s2p
C:\ffzhzh\SyncFiles\Temp\HFSS_sim\LHS150_50_Connection2,train,TSV_RDL,88,skipped,C:\ffzhzh\SyncFiles\Temp\HFSS_sim\LHS150_50_Connection2\train\TSV_RDL\dut88.s2p
C:\ffzhzh\SyncFiles\Temp\HFSS_sim\LHS150_50_Connection2,train,TSV_RDL,89,skipped,C:\ffzhzh\SyncFiles\Temp\HFSS_sim\LHS150_50_Connection2\train\TSV_RDL\dut89.s2p
C:\ffzhzh\SyncFiles\Temp\HFSS_sim\LHS150_50_Connection2,train,TSV_RDL,90,skipped,C:\ffzhzh\SyncFiles\Temp\HFSS_sim\LHS150_50_Connection2\train\TSV_RDL\dut90.s2p
C:\ffzhzh\SyncFiles\Temp\HFSS_sim\LHS150_50_Connection2,train,TSV_RDL,91,skipped,C:\ffzhzh\SyncFiles\Temp\HFSS_sim\LHS150_50_Connection2\train\TSV_RDL\dut91.s2p
C:\ffzhzh\SyncFiles\Temp\HFSS_sim\LHS150_50_Connection2,train,TSV_RDL,92,skipped,C:\ffzhzh\SyncFiles\Temp\HFSS_sim\LHS150_50_Connection2\train\TSV_RDL\dut92.s2p
C:\ffzhzh\SyncFiles\Temp\HFSS_sim\LHS150_50_Connection2,train,TSV_RDL,93,skipped,C:\ffzhzh\SyncFiles\Temp\HFSS_sim\LHS150_50_Connection2\train\TSV_RDL\dut93.s2p
C:\ffzhzh\SyncFiles\Temp\HFSS_sim\LHS150_50_Connection2,train,TSV_RDL,94,skipped,C:\ffzhzh\SyncFiles\Temp\HFSS_sim\LHS150_50_Connection2\train\TSV_RDL\dut94.s2p
C:\ffzhzh\SyncFiles\Temp\HFSS_sim\LHS150_50_Connection2,train,TSV_RDL,95,skipped,C:\ffzhzh\SyncFiles\Temp\HFSS_sim\LHS150_50_Connection2\train\TSV_RDL\dut95.s2p
C:\ffzhzh\SyncFiles\Temp\HFSS_sim\LHS150_50_Connection2,train,TSV_RDL,96,skipped,C:\ffzhzh\SyncFiles\Temp\HFSS_sim\LHS150_50_Connection2\train\TSV_RDL\dut96.s2p
C:\ffzhzh\SyncFiles\Temp\HFSS_sim\LHS150_50_Connection2,train,TSV_RDL,97,skipped,C:\ffzhzh\SyncFiles\Temp\HFSS_sim\LHS150_50_Connection2\train\TSV_RDL\dut97.s2p
C:\ffzhzh\SyncFiles\Temp\HFSS_sim\LHS150_50_Connection2,train,TSV_RDL,98,skipped,C:\ffzhzh\SyncFiles\Temp\HFSS_sim\LHS150_50_Connection2\train\TSV_RDL\dut98.s2p
C:\ffzhzh\SyncFiles\Temp\HFSS_sim\LHS150_50_Connection2,train,TSV_RDL,99,skipped,C:\ffzhzh\SyncFiles\Temp\HFSS_sim\LHS150_50_Connection2\train\TSV_RDL\dut99.s2p
C:\ffzhzh\SyncFiles\Temp\HFSS_sim\LHS150_50_Connection2,train,TSV_RDL,100,skipped,C:\ffzhzh\SyncFiles\Temp\HFSS_sim\LHS150_50_Connection2\train\TSV_RDL\dut100.s2p
C:\ffzhzh\SyncFiles\Temp\HFSS_sim\LHS150_50_Connection2,train,TSV_RDL,101,skipped,C:\ffzhzh\SyncFiles\Temp\HFSS_sim\LHS150_50_Connection2\train\TSV_RDL\dut101.s2p
C:\ffzhzh\SyncFiles\Temp\HFSS_sim\LHS150_50_Connection2,train,TSV_RDL,102,skipped,C:\ffzhzh\SyncFiles\Temp\HFSS_sim\LHS150_50_Connection2\train\TSV_RDL\dut102.s2p
C:\ffzhzh\SyncFiles\Temp\HFSS_sim\LHS150_50_Connection2,train,TSV_RDL,103,skipped,C:\ffzhzh\SyncFiles\Temp\HFSS_sim\LHS150_50_Connection2\train\TSV_RDL\dut103.s2p
C:\ffzhzh\SyncFiles\Temp\HFSS_sim\LHS150_50_Connection2,train,TSV_RDL,104,skipped,C:\ffzhzh\SyncFiles\Temp\HFSS_sim\LHS150_50_Connection2\train\TSV_RDL\dut104.s2p
C:\ffzhzh\SyncFiles\Temp\HFSS_sim\LHS150_50_Connection2,train,TSV_RDL,105,skipped,C:\ffzhzh\SyncFiles\Temp\HFSS_sim\LHS150_50_Connection2\train\TSV_RDL\dut105.s2p
C:\ffzhzh\SyncFiles\Temp\HFSS_sim\LHS150_50_Connection2,train,TSV_RDL,106,skipped,C:\ffzhzh\SyncFiles\Temp\HFSS_sim\LHS150_50_Connection2\train\TSV_RDL\dut106.s2p
C:\ffzhzh\SyncFiles\Temp\HFSS_sim\LHS150_50_Connection2,train,TSV_RDL,107,skipped,C:\ffzhzh\SyncFiles\Temp\HFSS_sim\LHS150_50_Connection2\train\TSV_RDL\dut107.s2p
C:\ffzhzh\SyncFiles\Temp\HFSS_sim\LHS150_50_Connection2,train,TSV_RDL,108,skipped,C:\ffzhzh\SyncFiles\Temp\HFSS_sim\LHS150_50_Connection2\train\TSV_RDL\dut108.s2p
C:\ffzhzh\SyncFiles\Temp\HFSS_sim\LHS150_50_Connection2,train,TSV_RDL,109,skipped,C:\ffzhzh\SyncFiles\Temp\HFSS_sim\LHS150_50_Connection2\train\TSV_RDL\dut109.s2p
C:\ffzhzh\SyncFiles\Temp\HFSS_sim\LHS150_50_Connection2,train,TSV_RDL,110,skipped,C:\ffzhzh\SyncFiles\Temp\HFSS_sim\LHS150_50_Connection2\train\TSV_RDL\dut110.s2p
C:\ffzhzh\SyncFiles\Temp\HFSS_sim\LHS150_50_Connection2,train,TSV_RDL,111,skipped,C:\ffzhzh\SyncFiles\Temp\HFSS_sim\LHS150_50_Connection2\train\TSV_RDL\dut111.s2p
C:\ffzhzh\SyncFiles\Temp\HFSS_sim\LHS150_50_Connection2,train,TSV_RDL,112,skipped,C:\ffzhzh\SyncFiles\Temp\HFSS_sim\LHS150_50_Connection2\train\TSV_RDL\dut112.s2p
C:\ffzhzh\SyncFiles\Temp\HFSS_sim\LHS150_50_Connection2,train,TSV_RDL,113,skipped,C:\ffzhzh\SyncFiles\Temp\HFSS_sim\LHS150_50_Connection2\train\TSV_RDL\dut113.s2p
C:\ffzhzh\SyncFiles\Temp\HFSS_sim\LHS150_50_Connection2,train,TSV_RDL,114,skipped,C:\ffzhzh\SyncFiles\Temp\HFSS_sim\LHS150_50_Connection2\train\TSV_RDL\dut114.s2p
C:\ffzhzh\SyncFiles\Temp\HFSS_sim\LHS150_50_Connection2,train,TSV_RDL,115,skipped,C:\ffzhzh\SyncFiles\Temp\HFSS_sim\LHS150_50_Connection2\train\TSV_RDL\dut115.s2p
C:\ffzhzh\SyncFiles\Temp\HFSS_sim\LHS150_50_Connection2,train,TSV_RDL,116,skipped,C:\ffzhzh\SyncFiles\Temp\HFSS_sim\LHS150_50_Connection2\train\TSV_RDL\dut116.s2p
C:\ffzhzh\SyncFiles\Temp\HFSS_sim\LHS150_50_Connection2,train,TSV_RDL,117,skipped,C:\ffzhzh\SyncFiles\Temp\HFSS_sim\LHS150_50_Connection2\train\TSV_RDL\dut117.s2p
C:\ffzhzh\SyncFiles\Temp\HFSS_sim\LHS150_50_Connection2,train,TSV_RDL,118,skipped,C:\ffzhzh\SyncFiles\Temp\HFSS_sim\LHS150_50_Connection2\train\TSV_RDL\dut118.s2p
C:\ffzhzh\SyncFiles\Temp\HFSS_sim\LHS150_50_Connection2,train,TSV_RDL,119,skipped,C:\ffzhzh\SyncFiles\Temp\HFSS_sim\LHS150_50_Connection2\train\TSV_RDL\dut119.s2p
C:\ffzhzh\SyncFiles\Temp\HFSS_sim\LHS150_50_Connection2,train,TSV_RDL,120,skipped,C:\ffzhzh\SyncFiles\Temp\HFSS_sim\LHS150_50_Connection2\train\TSV_RDL\dut120.s2p
C:\ffzhzh\SyncFiles\Temp\HFSS_sim\LHS150_50_Connection2,train,TSV_RDL,121,skipped,C:\ffzhzh\SyncFiles\Temp\HFSS_sim\LHS150_50_Connection2\train\TSV_RDL\dut121.s2p
C:\ffzhzh\SyncFiles\Temp\HFSS_sim\LHS150_50_Connection2,train,TSV_RDL,122,skipped,C:\ffzhzh\SyncFiles\Temp\HFSS_sim\LHS150_50_Connection2\train\TSV_RDL\dut122.s2p
C:\ffzhzh\SyncFiles\Temp\HFSS_sim\LHS150_50_Connection2,train,TSV_RDL,123,skipped,C:\ffzhzh\SyncFiles\Temp\HFSS_sim\LHS150_50_Connection2\train\TSV_RDL\dut123.s2p
C:\ffzhzh\SyncFiles\Temp\HFSS_sim\LHS150_50_Connection2,train,TSV_RDL,124,skipped,C:\ffzhzh\SyncFiles\Temp\HFSS_sim\LHS150_50_Connection2\train\TSV_RDL\dut124.s2p
C:\ffzhzh\SyncFiles\Temp\HFSS_sim\LHS150_50_Connection2,train,TSV_RDL,125,skipped,C:\ffzhzh\SyncFiles\Temp\HFSS_sim\LHS150_50_Connection2\train\TSV_RDL\dut125.s2p
C:\ffzhzh\SyncFiles\Temp\HFSS_sim\LHS150_50_Connection2,train,TSV_RDL,126,skipped,C:\ffzhzh\SyncFiles\Temp\HFSS_sim\LHS150_50_Connection2\train\TSV_RDL\dut126.s2p
C:\ffzhzh\SyncFiles\Temp\HFSS_sim\LHS150_50_Connection2,train,TSV_RDL,127,skipped,C:\ffzhzh\SyncFiles\Temp\HFSS_sim\LHS150_50_Connection2\train\TSV_RDL\dut127.s2p
C:\ffzhzh\SyncFiles\Temp\HFSS_sim\LHS150_50_Connection2,train,TSV_RDL,128,skipped,C:\ffzhzh\SyncFiles\Temp\HFSS_sim\LHS150_50_Connection2\train\TSV_RDL\dut128.s2p
C:\ffzhzh\SyncFiles\Temp\HFSS_sim\LHS150_50_Connection2,train,TSV_RDL,129,skipped,C:\ffzhzh\SyncFiles\Temp\HFSS_sim\LHS150_50_Connection2\train\TSV_RDL\dut129.s2p
C:\ffzhzh\SyncFiles\Temp\HFSS_sim\LHS150_50_Connection2,train,TSV_RDL,130,skipped,C:\ffzhzh\SyncFiles\Temp\HFSS_sim\LHS150_50_Connection2\train\TSV_RDL\dut130.s2p
C:\ffzhzh\SyncFiles\Temp\HFSS_sim\LHS150_50_Connection2,train,TSV_RDL,131,skipped,C:\ffzhzh\SyncFiles\Temp\HFSS_sim\LHS150_50_Connection2\train\TSV_RDL\dut131.s2p
C:\ffzhzh\SyncFiles\Temp\HFSS_sim\LHS150_50_Connection2,train,TSV_RDL,132,skipped,C:\ffzhzh\SyncFiles\Temp\HFSS_sim\LHS150_50_Connection2\train\TSV_RDL\dut132.s2p
C:\ffzhzh\SyncFiles\Temp\HFSS_sim\LHS150_50_Connection2,train,TSV_RDL,133,skipped,C:\ffzhzh\SyncFiles\Temp\HFSS_sim\LHS150_50_Connection2\train\TSV_RDL\dut133.s2p
C:\ffzhzh\SyncFiles\Temp\HFSS_sim\LHS150_50_Connection2,train,TSV_RDL,134,skipped,C:\ffzhzh\SyncFiles\Temp\HFSS_sim\LHS150_50_Connection2\train\TSV_RDL\dut134.s2p
C:\ffzhzh\SyncFiles\Temp\HFSS_sim\LHS150_50_Connection2,train,TSV_RDL,135,skipped,C:\ffzhzh\SyncFiles\Temp\HFSS_sim\LHS150_50_Connection2\train\TSV_RDL\dut135.s2p
C:\ffzhzh\SyncFiles\Temp\HFSS_sim\LHS150_50_Connection2,train,TSV_RDL,136,skipped,C:\ffzhzh\SyncFiles\Temp\HFSS_sim\LHS150_50_Connection2\train\TSV_RDL\dut136.s2p
C:\ffzhzh\SyncFiles\Temp\HFSS_sim\LHS150_50_Connection2,train,TSV_RDL,137,skipped,C:\ffzhzh\SyncFiles\Temp\HFSS_sim\LHS150_50_Connection2\train\TSV_RDL\dut137.s2p
C:\ffzhzh\SyncFiles\Temp\HFSS_sim\LHS150_50_Connection2,train,TSV_RDL,138,skipped,C:\ffzhzh\SyncFiles\Temp\HFSS_sim\LHS150_50_Connection2\train\TSV_RDL\dut138.s2p
C:\ffzhzh\SyncFiles\Temp\HFSS_sim\LHS150_50_Connection2,train,TSV_RDL,139,skipped,C:\ffzhzh\SyncFiles\Temp\HFSS_sim\LHS150_50_Connection2\train\TSV_RDL\dut139.s2p
C:\ffzhzh\SyncFiles\Temp\HFSS_sim\LHS150_50_Connection2,train,TSV_RDL,140,skipped,C:\ffzhzh\SyncFiles\Temp\HFSS_sim\LHS150_50_Connection2\train\TSV_RDL\dut140.s2p
C:\ffzhzh\SyncFiles\Temp\HFSS_sim\LHS150_50_Connection2,train,TSV_RDL,141,skipped,C:\ffzhzh\SyncFiles\Temp\HFSS_sim\LHS150_50_Connection2\train\TSV_RDL\dut141.s2p
C:\ffzhzh\SyncFiles\Temp\HFSS_sim\LHS150_50_Connection2,train,TSV_RDL,142,skipped,C:\ffzhzh\SyncFiles\Temp\HFSS_sim\LHS150_50_Connection2\train\TSV_RDL\dut142.s2p
C:\ffzhzh\SyncFiles\Temp\HFSS_sim\LHS150_50_Connection2,train,TSV_RDL,143,skipped,C:\ffzhzh\SyncFiles\Temp\HFSS_sim\LHS150_50_Connection2\train\TSV_RDL\dut143.s2p
C:\ffzhzh\SyncFiles\Temp\HFSS_sim\LHS150_50_Connection2,train,TSV_RDL,144,skipped,C:\ffzhzh\SyncFiles\Temp\HFSS_sim\LHS150_50_Connection2\train\TSV_RDL\dut144.s2p
C:\ffzhzh\SyncFiles\Temp\HFSS_sim\LHS150_50_Connection2,train,TSV_RDL,145,skipped,C:\ffzhzh\SyncFiles\Temp\HFSS_sim\LHS150_50_Connection2\train\TSV_RDL\dut145.s2p
C:\ffzhzh\SyncFiles\Temp\HFSS_sim\LHS150_50_Connection2,train,TSV_RDL,146,skipped,C:\ffzhzh\SyncFiles\Temp\HFSS_sim\LHS150_50_Connection2\train\TSV_RDL\dut146.s2p
C:\ffzhzh\SyncFiles\Temp\HFSS_sim\LHS150_50_Connection2,train,TSV_RDL,147,skipped,C:\ffzhzh\SyncFiles\Temp\HFSS_sim\LHS150_50_Connection2\train\TSV_RDL\dut147.s2p
C:\ffzhzh\SyncFiles\Temp\HFSS_sim\LHS150_50_Connection2,train,TSV_RDL,148,skipped,C:\ffzhzh\SyncFiles\Temp\HFSS_sim\LHS150_50_Connection2\train\TSV_RDL\dut148.s2p
C:\ffzhzh\SyncFiles\Temp\HFSS_sim\LHS150_50_Connection2,train,TSV_RDL,149,skipped,C:\ffzhzh\SyncFiles\Temp\HFSS_sim\LHS150_50_Connection2\train\TSV_RDL\dut149.s2p
C:\ffzhzh\SyncFiles\Temp\HFSS_sim\LHS150_50_Connection2,test,TSV_RDL,150,skipped,C:\ffzhzh\SyncFiles\Temp\HFSS_sim\LHS150_50_Connection2\test\TSV_RDL\dut150.s2p
C:\ffzhzh\SyncFiles\Temp\HFSS_sim\LHS150_50_Connection2,test,TSV_RDL,151,skipped,C:\ffzhzh\SyncFiles\Temp\HFSS_sim\LHS150_50_Connection2\test\TSV_RDL\dut151.s2p
C:\ffzhzh\SyncFiles\Temp\HFSS_sim\LHS150_50_Connection2,test,TSV_RDL,152,skipped,C:\ffzhzh\SyncFiles\Temp\HFSS_sim\LHS150_50_Connection2\test\TSV_RDL\dut152.s2p
C:\ffzhzh\SyncFiles\Temp\HFSS_sim\LHS150_50_Connection2,test,TSV_RDL,153,skipped,C:\ffzhzh\SyncFiles\Temp\HFSS_sim\LHS150_50_Connection2\test\TSV_RDL\dut153.s2p
C:\ffzhzh\SyncFiles\Temp\HFSS_sim\LHS150_50_Connection2,test,TSV_RDL,154,skipped,C:\ffzhzh\SyncFiles\Temp\HFSS_sim\LHS150_50_Connection2\test\TSV_RDL\dut154.s2p
C:\ffzhzh\SyncFiles\Temp\HFSS_sim\LHS150_50_Connection2,test,TSV_RDL,155,skipped,C:\ffzhzh\SyncFiles\Temp\HFSS_sim\LHS150_50_Connection2\test\TSV_RDL\dut155.s2p
C:\ffzhzh\SyncFiles\Temp\HFSS_sim\LHS150_50_Connection2,test,TSV_RDL,156,skipped,C:\ffzhzh\SyncFiles\Temp\HFSS_sim\LHS150_50_Connection2\test\TSV_RDL\dut156.s2p
C:\ffzhzh\SyncFiles\Temp\HFSS_sim\LHS150_50_Connection2,test,TSV_RDL,157,skipped,C:\ffzhzh\SyncFiles\Temp\HFSS_sim\LHS150_50_Connection2\test\TSV_RDL\dut157.s2p
C:\ffzhzh\SyncFiles\Temp\HFSS_sim\LHS150_50_Connection2,test,TSV_RDL,158,skipped,C:\ffzhzh\SyncFiles\Temp\HFSS_sim\LHS150_50_Connection2\test\TSV_RDL\dut158.s2p
C:\ffzhzh\SyncFiles\Temp\HFSS_sim\LHS150_50_Connection2,test,TSV_RDL,159,skipped,C:\ffzhzh\SyncFiles\Temp\HFSS_sim\LHS150_50_Connection2\test\TSV_RDL\dut159.s2p
C:\ffzhzh\SyncFiles\Temp\HFSS_sim\LHS150_50_Connection2,test,TSV_RDL,160,skipped,C:\ffzhzh\SyncFiles\Temp\HFSS_sim\LHS150_50_Connection2\test\TSV_RDL\dut160.s2p
C:\ffzhzh\SyncFiles\Temp\HFSS_sim\LHS150_50_Connection2,test,TSV_RDL,161,skipped,C:\ffzhzh\SyncFiles\Temp\HFSS_sim\LHS150_50_Connection2\test\TSV_RDL\dut161.s2p
C:\ffzhzh\SyncFiles\Temp\HFSS_sim\LHS150_50_Connection2,test,TSV_RDL,162,skipped,C:\ffzhzh\SyncFiles\Temp\HFSS_sim\LHS150_50_Connection2\test\TSV_RDL\dut162.s2p
C:\ffzhzh\SyncFiles\Temp\HFSS_sim\LHS150_50_Connection2,test,TSV_RDL,163,skipped,C:\ffzhzh\SyncFiles\Temp\HFSS_sim\LHS150_50_Connection2\test\TSV_RDL\dut163.s2p
C:\ffzhzh\SyncFiles\Temp\HFSS_sim\LHS150_50_Connection2,test,TSV_RDL,164,skipped,C:\ffzhzh\SyncFiles\Temp\HFSS_sim\LHS150_50_Connection2\test\TSV_RDL\dut164.s2p
C:\ffzhzh\SyncFiles\Temp\HFSS_sim\LHS150_50_Connection2,test,TSV_RDL,165,skipped,C:\ffzhzh\SyncFiles\Temp\HFSS_sim\LHS150_50_Connection2\test\TSV_RDL\dut165.s2p
C:\ffzhzh\SyncFiles\Temp\HFSS_sim\LHS150_50_Connection2,test,TSV_RDL,166,skipped,C:\ffzhzh\SyncFiles\Temp\HFSS_sim\LHS150_50_Connection2\test\TSV_RDL\dut166.s2p
C:\ffzhzh\SyncFiles\Temp\HFSS_sim\LHS150_50_Connection2,test,TSV_RDL,167,skipped,C:\ffzhzh\SyncFiles\Temp\HFSS_sim\LHS150_50_Connection2\test\TSV_RDL\dut167.s2p
C:\ffzhzh\SyncFiles\Temp\HFSS_sim\LHS150_50_Connection2,test,TSV_RDL,168,skipped,C:\ffzhzh\SyncFiles\Temp\HFSS_sim\LHS150_50_Connection2\test\TSV_RDL\dut168.s2p
C:\ffzhzh\SyncFiles\Temp\HFSS_sim\LHS150_50_Connection2,test,TSV_RDL,169,skipped,C:\ffzhzh\SyncFiles\Temp\HFSS_sim\LHS150_50_Connection2\test\TSV_RDL\dut169.s2p
C:\ffzhzh\SyncFiles\Temp\HFSS_sim\LHS150_50_Connection2,test,TSV_RDL,170,skipped,C:\ffzhzh\SyncFiles\Temp\HFSS_sim\LHS150_50_Connection2\test\TSV_RDL\dut170.s2p
C:\ffzhzh\SyncFiles\Temp\HFSS_sim\LHS150_50_Connection2,test,TSV_RDL,171,skipped,C:\ffzhzh\SyncFiles\Temp\HFSS_sim\LHS150_50_Connection2\test\TSV_RDL\dut171.s2p
C:\ffzhzh\SyncFiles\Temp\HFSS_sim\LHS150_50_Connection2,test,TSV_RDL,172,skipped,C:\ffzhzh\SyncFiles\Temp\HFSS_sim\LHS150_50_Connection2\test\TSV_RDL\dut172.s2p
C:\ffzhzh\SyncFiles\Temp\HFSS_sim\LHS150_50_Connection2,test,TSV_RDL,173,skipped,C:\ffzhzh\SyncFiles\Temp\HFSS_sim\LHS150_50_Connection2\test\TSV_RDL\dut173.s2p
C:\ffzhzh\SyncFiles\Temp\HFSS_sim\LHS150_50_Connection2,test,TSV_RDL,174,skipped,C:\ffzhzh\SyncFiles\Temp\HFSS_sim\LHS150_50_Connection2\test\TSV_RDL\dut174.s2p
C:\ffzhzh\SyncFiles\Temp\HFSS_sim\LHS150_50_Connection2,test,TSV_RDL,175,skipped,C:\ffzhzh\SyncFiles\Temp\HFSS_sim\LHS150_50_Connection2\test\TSV_RDL\dut175.s2p
C:\ffzhzh\SyncFiles\Temp\HFSS_sim\LHS150_50_Connection2,test,TSV_RDL,176,skipped,C:\ffzhzh\SyncFiles\Temp\HFSS_sim\LHS150_50_Connection2\test\TSV_RDL\dut176.s2p
C:\ffzhzh\SyncFiles\Temp\HFSS_sim\LHS150_50_Connection2,test,TSV_RDL,177,skipped,C:\ffzhzh\SyncFiles\Temp\HFSS_sim\LHS150_50_Connection2\test\TSV_RDL\dut177.s2p
C:\ffzhzh\SyncFiles\Temp\HFSS_sim\LHS150_50_Connection2,test,TSV_RDL,178,skipped,C:\ffzhzh\SyncFiles\Temp\HFSS_sim\LHS150_50_Connection2\test\TSV_RDL\dut178.s2p
C:\ffzhzh\SyncFiles\Temp\HFSS_sim\LHS150_50_Connection2,test,TSV_RDL,179,skipped,C:\ffzhzh\SyncFiles\Temp\HFSS_sim\LHS150_50_Connection2\test\TSV_RDL\dut179.s2p
C:\ffzhzh\SyncFiles\Temp\HFSS_sim\LHS150_50_Connection2,test,TSV_RDL,180,skipped,C:\ffzhzh\SyncFiles\Temp\HFSS_sim\LHS150_50_Connection2\test\TSV_RDL\dut180.s2p
C:\ffzhzh\SyncFiles\Temp\HFSS_sim\LHS150_50_Connection2,test,TSV_RDL,181,skipped,C:\ffzhzh\SyncFiles\Temp\HFSS_sim\LHS150_50_Connection2\test\TSV_RDL\dut181.s2p
C:\ffzhzh\SyncFiles\Temp\HFSS_sim\LHS150_50_Connection2,test,TSV_RDL,182,skipped,C:\ffzhzh\SyncFiles\Temp\HFSS_sim\LHS150_50_Connection2\test\TSV_RDL\dut182.s2p
C:\ffzhzh\SyncFiles\Temp\HFSS_sim\LHS150_50_Connection2,test,TSV_RDL,183,skipped,C:\ffzhzh\SyncFiles\Temp\HFSS_sim\LHS150_50_Connection2\test\TSV_RDL\dut183.s2p
C:\ffzhzh\SyncFiles\Temp\HFSS_sim\LHS150_50_Connection2,test,TSV_RDL,184,skipped,C:\ffzhzh\SyncFiles\Temp\HFSS_sim\LHS150_50_Connection2\test\TSV_RDL\dut184.s2p
C:\ffzhzh\SyncFiles\Temp\HFSS_sim\LHS150_50_Connection2,test,TSV_RDL,185,skipped,C:\ffzhzh\SyncFiles\Temp\HFSS_sim\LHS150_50_Connection2\test\TSV_RDL\dut185.s2p
C:\ffzhzh\SyncFiles\Temp\HFSS_sim\LHS150_50_Connection2,test,TSV_RDL,186,skipped,C:\ffzhzh\SyncFiles\Temp\HFSS_sim\LHS150_50_Connection2\test\TSV_RDL\dut186.s2p
C:\ffzhzh\SyncFiles\Temp\HFSS_sim\LHS150_50_Connection2,test,TSV_RDL,187,skipped,C:\ffzhzh\SyncFiles\Temp\HFSS_sim\LHS150_50_Connection2\test\TSV_RDL\dut187.s2p
C:\ffzhzh\SyncFiles\Temp\HFSS_sim\LHS150_50_Connection2,test,TSV_RDL,188,skipped,C:\ffzhzh\SyncFiles\Temp\HFSS_sim\LHS150_50_Connection2\test\TSV_RDL\dut188.s2p
C:\ffzhzh\SyncFiles\Temp\HFSS_sim\LHS150_50_Connection2,test,TSV_RDL,189,skipped,C:\ffzhzh\SyncFiles\Temp\HFSS_sim\LHS150_50_Connection2\test\TSV_RDL\dut189.s2p
C:\ffzhzh\SyncFiles\Temp\HFSS_sim\LHS150_50_Connection2,test,TSV_RDL,190,skipped,C:\ffzhzh\SyncFiles\Temp\HFSS_sim\LHS150_50_Connection2\test\TSV_RDL\dut190.s2p
C:\ffzhzh\SyncFiles\Temp\HFSS_sim\LHS150_50_Connection2,test,TSV_RDL,191,skipped,C:\ffzhzh\SyncFiles\Temp\HFSS_sim\LHS150_50_Connection2\test\TSV_RDL\dut191.s2p
C:\ffzhzh\SyncFiles\Temp\HFSS_sim\LHS150_50_Connection2,test,TSV_RDL,192,skipped,C:\ffzhzh\SyncFiles\Temp\HFSS_sim\LHS150_50_Connection2\test\TSV_RDL\dut192.s2p
C:\ffzhzh\SyncFiles\Temp\HFSS_sim\LHS150_50_Connection2,test,TSV_RDL,193,skipped,C:\ffzhzh\SyncFiles\Temp\HFSS_sim\LHS150_50_Connection2\test\TSV_RDL\dut193.s2p
C:\ffzhzh\SyncFiles\Temp\HFSS_sim\LHS150_50_Connection2,test,TSV_RDL,194,skipped,C:\ffzhzh\SyncFiles\Temp\HFSS_sim\LHS150_50_Connection2\test\TSV_RDL\dut194.s2p
C:\ffzhzh\SyncFiles\Temp\HFSS_sim\LHS150_50_Connection2,test,TSV_RDL,195,skipped,C:\ffzhzh\SyncFiles\Temp\HFSS_sim\LHS150_50_Connection2\test\TSV_RDL\dut195.s2p
C:\ffzhzh\SyncFiles\Temp\HFSS_sim\LHS150_50_Connection2,test,TSV_RDL,196,skipped,C:\ffzhzh\SyncFiles\Temp\HFSS_sim\LHS150_50_Connection2\test\TSV_RDL\dut196.s2p
C:\ffzhzh\SyncFiles\Temp\HFSS_sim\LHS150_50_Connection2,test,TSV_RDL,197,skipped,C:\ffzhzh\SyncFiles\Temp\HFSS_sim\LHS150_50_Connection2\test\TSV_RDL\dut197.s2p
C:\ffzhzh\SyncFiles\Temp\HFSS_sim\LHS150_50_Connection2,test,TSV_RDL,198,skipped,C:\ffzhzh\SyncFiles\Temp\HFSS_sim\LHS150_50_Connection2\test\TSV_RDL\dut198.s2p
C:\ffzhzh\SyncFiles\Temp\HFSS_sim\LHS150_50_Connection2,test,TSV_RDL,199,skipped,C:\ffzhzh\SyncFiles\Temp\HFSS_sim\LHS150_50_Connection2\test\TSV_RDL\dut199.s2p
