l_rdl,w_rdl,t_rdl,h_tsv,p_rdl,R1,R2,R3,L1,L2,L3,Cox,Csi,Rsi,rmse
336.32,28.33,3.61,98.36,40.29,696.1813471,3981.119116,1853.974707,584.049672,76.37373256,35.85149192,168.6861807,150.1011319,0.043861713,0.001919554
349.47,29.89,3.08,94.08,42.16,711.9304121,11255.70622,1812.238785,598.2672451,99.05580335,35.22134299,175.4949608,146.705516,0.044877459,0.002177468
273.04,29.93,4.8,74.01,41.92,569.0675304,2077.219748,1898.713844,563.222772,15.52617685,41.26166309,176.9471961,151.1582409,0.045204489,0.00313031
505.58,29.38,3.2,72.15,41.3,639.8564169,26439.71986,1731.004135,569.3188634,461.9929208,34.73404933,175.0824226,145.8500005,0.045770404,0.00253907
125.51,25.84,2.29,99.91,40.46,1209.035221,44837.247,2006.802741,811.2866096,627.7027242,40.67824859,153.4193765,141.5210783,0.046777294,0.001782485
475.05,28.67,3.32,66.29,42.03,616.4451883,23833.29833,1716.288899,595.7499186,480.5060513,34.01257928,171.5834693,139.627423,0.047836418,0.002667511
307.42,26.47,4.23,79.47,41.59,608.7112919,2895.62008,1826.322116,640.1440351,124.8349123,34.60056471,158.6012719,137.2733283,0.047893873,0.00262327
543.12,28.08,2.71,95.86,43.37,727.7760346,24674.43507,1499.705681,642.2167572,5344.83247,31.14043783,165.7933668,133.0778217,0.047934078,0.002232444
156.34,26.16,2.08,82.45,40.81,1399.025441,8228.193626,1670.868504,783.6876224,42.15230261,40.30331166,154.2418998,138.0382506,0.048001484,0.001959525
445.93,27.05,4.91,73.65,42.92,558.9031656,1189.641871,1501.615142,610.2657841,74.57736817,39.53410261,163.5840668,133.2311932,0.048154602,0.00569139
155.51,27.71,4.39,76.22,43.99,674.9850041,2830.727065,2010.049581,721.290108,63.57369317,39.15623362,164.7232833,137.8869326,0.049107802,0.002486868
665.08,24.14,4.22,66.86,40.2,518.9912784,19067.86685,1644.874557,622.5851224,988.0559856,36.02360388,151.0587538,131.0264801,0.049411468,0.002025939
473.25,27.46,4.73,71.65,44.09,501.6876854,4427.204377,1520.705987,620.8739913,291.4009623,39.00341482,166.0144724,130.6313364,0.049450022,0.004271031
549.68,25.27,4.58,69.24,41.66,500.6892848,10764.52618,1598.236125,622.4680773,498.9129207,37.83155334,155.6930516,130.8507762,0.049457521,0.002589545
588.77,29.05,3.2,85.22,45.7,584.7899107,22539.01168,1480.92863,638.6669324,44220.1223,31.40817107,173.1310417,129.5243979,0.049498162,0.00268521
546.64,29.64,3.95,82.56,46.38,481.1399979,21976.47389,1525.774111,623.7330136,1580.919297,32.90925963,175.7116598,130.4919224,0.049534956,0.002613881
437.79,29.78,2.54,99.24,48.14,790.3210652,13120.63296,1326.976109,698.5291143,300.9109303,30.3325659,174.440631,125.5815428,0.050482998,0.002458616
238.91,24.87,3.44,77.77,42.22,734.0609449,6908.251821,1950.375666,732.5216043,110.3465153,35.1836956,149.2086705,129.2978473,0.050492206,0.001939567
515.46,29.46,4.01,54.44,43.28,499.9512126,15487.47793,1673.494663,580.2365798,964.2652537,34.58416389,176.5857367,136.1614459,0.050499487,0.003240831
487.65,26.91,2.03,98.96,45.8,1129.8916,5662.507138,994.2062989,726.4196356,53.32273541,33.35920872,159.9251373,122.428395,0.051199102,0.002274996
512.96,22.19,2.37,87.51,41.07,1021.638538,9636.816571,1374.904831,740.6043008,141.7851228,32.62682896,136.8242149,121.3372439,0.051513082,0.001764419
581.9,28.77,4.29,70.57,46.62,446.5274767,43792.18837,1462.386293,630.6845796,1834.066856,33.92695063,173.7049723,126.3889568,0.051618347,0.002745708
141.67,28.5,2.83,97.8,48.65,872.1910108,56440.18589,2063.562875,877.8880478,709.3042493,36.39724892,165.948064,126.5115885,0.051935331,0.002023111
388.67,26.48,4.14,96.11,47.12,512.7244241,14953.45881,1614.323441,712.0932248,454.5730435,34.88990201,158.0994854,121.6069035,0.05203761,0.001886669
575.56,28.14,2.98,86.73,47.87,671.4499273,8901.077669,1333.928526,691.3157711,557.0247311,28.01445572,168.1359868,121.2390748,0.052079079,0.002683846
100.5,27.7,4.94,74.83,47.91,779.6514396,1784.255343,2106.765373,865.4312316,94.6153624,38.31275412,166.2490206,133.1321336,0.052172569,0.003176323
110.65,18.44,4.79,83.67,40.2,827.6295649,2780.341884,2350.876636,917.7703504,146.2360987,39.25004891,120.6390818,126.1887883,0.052334658,0.001634281
379.58,28.99,3.08,70.01,46.64,644.3179524,47503.20573,1630.729307,687.1018746,3049.68291,31.53412369,169.5909739,125.3677815,0.052420117,0.002722079
397.13,22.02,3.82,82.07,42.22,607.2854617,17322.4213,1842.550809,736.1942398,1880.178942,34.60448933,136.6498646,120.6129156,0.052512134,0.001602712
669.59,28.7,3.08,65.36,46.22,613.4969879,28371.57871,1379.896836,649.7371456,1664.039196,30.21685069,171.1187482,123.9017086,0.05261188,0.003099086
202.14,28.42,3.55,55.9,44.33,761.6251737,3619.343839,1914.517208,706.5520584,70.55252663,34.7924661,166.661093,131.8542111,0.052645811,0.003058629
112.28,25.17,4.08,93.33,47.09,793.6211209,3610.190582,2238.338022,921.3312783,161.9923204,37.42369259,152.4983732,126.3694835,0.052666785,0.00208903
436.95,24.01,2.54,93.28,44.48,899.9875046,10859.67908,1438.327449,759.5588024,223.3548327,31.48270556,145.7423587,118.7228641,0.05269288,0.001915993
599.38,28.13,4.48,68.86,47.14,436.1680643,7907.106328,1443.694878,643.7607464,3349.004814,33.55026036,171.0389471,123.3912844,0.052696358,0.002659885
592.1,29.97,4.08,89.55,50.9,438.2758881,2948.915736,1361.1424,672.1741522,4652.212563,31.61265642,177.6711455,120.3926505,0.052698326,0.00286867
224.07,24.68,3.61,68.94,43.75,751.0833161,4209.5899,1924.848233,763.6647724,70.14271582,35.21759117,149.2996965,124.7925565,0.052847448,0.002164989
402.18,24.32,3.7,96.08,45.99,576.6178349,28380.34428,1696.235705,744.8292573,1507.552533,33.29596439,148.072241,118.6312849,0.053040002,0.001968408
643.5,23.76,2.49,56,41.47,887.0562974,15530.59069,1357.500199,695.0668847,261.6044874,32.88850495,147.2947013,120.9223887,0.053718102,0.002554756
108.1,24.09,2.43,70.85,44.25,1185.364795,69527.18089,2174.373914,982.9606449,477.439462,39.51415295,144.8869571,125.5473466,0.053778265,0.002323477
639.38,20.07,4.01,69.82,40.91,584.0123655,59342.8092,1744.262513,722.1818365,2548.449982,36.73434657,130.4723733,117.200692,0.053790027,0.001768865
402.16,19.3,3.46,81.11,40.83,725.5933458,25192.29371,1953.67985,782.2443814,432.8819631,35.91887554,124.1803115,116.8432227,0.053791653,0.001608503
668.72,18.59,2.28,95.79,40.81,1330.403711,4860.221806,1216.813554,799.9706084,56.69370061,34.8091572,121.7638786,113.0348003,0.054025249,0.001787746
351.51,27.31,2.25,61.07,45.13,1115.855596,4703.272605,1236.041524,731.5306548,57.13532616,33.18143895,159.78624,121.7735098,0.054107285,0.002397006
672.4,29.22,2.71,84.81,51.37,734.8365762,1052.432869,1642.457946,710.6289989,536.2656697,15.18672522,172.7753574,115.1488685,0.054414633,0.003109108
574.4,18.05,4.89,67.47,40.52,603.5783003,2281.976892,1758.246377,740.7094463,500.0255492,38.25546925,121.4429903,113.6418672,0.054427126,0.005443085
683.56,22.1,4.55,78.53,44.62,460.9114049,12463.06199,1558.653801,713.5077357,26256.95537,36.61613005,141.3356921,115.0614869,0.05442801,0.002107904
269.84,24.16,2.26,86.41,45.81,1124.201523,7707.298687,1406.484694,838.8192279,291.9785368,29.27276244,144.7141223,116.8388689,0.054449087,0.002179429
415.92,21.48,3.87,91.71,45,589.6175463,44928.02681,1764.311766,779.4586577,1486.907343,35.31094085,135.4295996,114.0551572,0.054781646,0.001677368
540.88,27.72,4.57,99.98,52.28,424.9492788,31390.68155,1325.017663,721.3202509,768.2416679,34.27340715,166.5398813,113.9333714,0.054790263,0.002380164
448.16,29.74,2.35,66.24,49.13,862.7724628,9909.498364,1182.258456,719.7934696,256.5920655,29.56664217,172.1195839,118.6702942,0.055077332,0.002996047
416.45,17.92,3.35,77.58,40.8,779.1122247,36179.88699,1999.371911,811.7856589,950.9367463,36.32110366,118.6994551,113.3986582,0.055220027,0.001606859
266.13,18.31,4.91,97.1,43.03,615.662763,3797.974411,1960.596375,833.3017461,111.2273877,39.03695227,119.1775796,114.225035,0.055246738,0.002230524
284.2,23.2,2.49,56.43,42.12,936.4921681,32327.56564,1706.241929,780.9098715,575.8876673,33.85664052,141.4703092,119.9460353,0.055278442,0.002889002
577.59,26.31,3.43,53.27,44.32,574.9050741,82350.40572,1579.54918,665.3972151,14374.96951,32.23815249,160.1349914,120.7460186,0.055294199,0.003105209
553.26,27.4,2.23,64.48,47.2,1025.405436,4779.155266,987.0422221,722.3276282,99.4396418,29.19547593,161.739226,116.4767149,0.055473604,0.002847361
310.21,21.69,3.56,68.5,43.5,695.651378,10050.55823,1889.602069,790.7110859,188.0930948,34.6833097,134.5444345,116.0452201,0.055557501,0.001965829
476.93,22.61,2.79,51.17,41.3,796.7079949,75143.57326,1682.457185,723.8142731,13736.7883,33.39246736,141.4207486,118.5094949,0.055714728,0.002480981
433.14,21.04,4.9,68.89,44.35,562.0643943,1765.996208,1605.816117,751.083667,85.5091286,39.91469302,132.3445964,112.4772843,0.055769298,0.004453635
628.04,18.78,3.04,73.64,42.03,815.2631731,25230.68948,1705.758822,788.5076326,1508.38464,34.45007501,124.7849886,110.9292109,0.055989723,0.001938012
413.61,26.67,3.49,56.35,45.91,581.7358104,37700.46986,1667.158242,702.7203786,599.6732833,32.74549227,159.1097948,119.0107722,0.056065111,0.002955539
567.26,25.17,3.64,80,49.27,544.5985297,27887.87447,1459.726859,745.3457411,1888.562166,31.6783465,155.4219106,111.7708248,0.056280149,0.002573195
195.08,18.91,4.63,79.98,44.2,685.5458935,3557.757513,2044.242561,886.8386524,106.7858683,38.51289302,122.3210297,113.5772068,0.05671704,0.001893729
156.04,22.41,4.17,73.89,46.85,704.603856,4337.766196,2089.207535,906.6967856,200.4751401,36.2968984,138.8323836,116.2781016,0.056757115,0.002168891
402.61,21.54,3.67,83.62,46.71,614.3562036,63487.62905,1769.581002,810.3894689,866.1928709,34.67634642,134.8589251,110.1923066,0.056972095,0.001930507
482.19,16.56,2.28,91.67,41.29,1390.610731,6614.150796,1430.784966,882.2208147,80.25808349,34.81329393,109.2605456,107.5944171,0.056996685,0.001458957
632.66,22.06,3.14,77.64,46.57,703.2159005,15227.36769,1472.791165,780.7913145,796.9152166,30.95009569,137.5419427,108.6898899,0.057251412,0.002268419
340.3,14.76,4.16,99.99,41.39,749.9910922,10466.65598,2227.886497,889.4979434,127.9048297,39.98174641,101.7780839,108.2223305,0.057371524,0.002078091
468.27,23.97,2.26,94.17,49.99,2025.610623,1001.49809,284.1877063,835.8413534,44.28287636,118.5227701,144.5631345,107.2337271,0.057618007,0.00219688
562.19,23.52,3.03,80.84,48.73,707.0606075,13507.06479,1426.161775,790.3191628,732.2620354,29.72619344,143.6146398,108.2085832,0.057632388,0.002362508
591.18,27.14,2.17,82.52,52.35,1013.184645,4840.382652,842.9177518,787.5152562,46.95867356,29.95700185,161.1391581,108.0874389,0.057665303,0.002940769
332.81,24.15,3.74,75.89,49.14,575.7978259,33752.77609,1727.807543,810.4738581,1202.007243,33.63061901,145.9201894,110.6802796,0.057783594,0.002222265
534.35,28.07,3.9,86.46,54.77,476.4209915,13122.87162,1286.504946,759.1507205,459.6173873,30.70828364,167.4760774,108.8614814,0.057783848,0.002953409
289.03,26.82,3.14,58.84,48.35,667.8696969,40932.64627,1750.378164,777.411441,9047.481354,31.8566273,159.7327562,115.6092345,0.057803713,0.002976983
448.7,16.47,3.02,89.14,42.42,887.2859436,49498.00636,1993.144428,877.5744223,12337.53744,35.23843794,109.2538725,106.5373341,0.057872827,0.001503921
478.81,27.21,2.82,90.23,53.72,706.0752373,12034.85213,1250.303782,803.655206,304.0213712,28.31635564,160.1566331,107.7112841,0.057936576,0.002662945
400.65,15.01,4.9,74.27,41.05,634.3890415,6310.055743,2089.647635,840.0714529,88.29895652,42.19431327,104.9040073,108.6556367,0.057989277,0.003943242
528.7,21.75,2.13,71.48,46.05,1216.378873,5709.754082,1017.724058,825.398838,84.14142808,31.3158125,134.2662024,107.4682336,0.058245971,0.002187169
638.38,16.31,2.3,85.36,42.18,1247.154411,11900.77543,1458.949083,876.8123805,104.668683,36.8565599,108.9857351,104.7175462,0.058266999,0.001679412
151.68,25.53,2.92,78.63,51.49,868.2713525,21275.07957,2013.610483,984.6746276,670.6936748,34.39299315,151.6230128,112.9141034,0.058294268,0.002278912
230.54,21.94,4.04,96.53,50.06,615.3230132,9188.263809,1908.152243,908.1746092,154.387094,36.25151583,135.4347022,108.4354038,0.058427248,0.002186424
110.44,26.24,4.86,86.11,55.13,702.1081787,2141.018486,2018.008911,1035.524149,119.7150757,36.74865719,158.1715332,115.3621579,0.058462359,0.002823445
169.52,28.06,2.42,85.56,54.72,990.0033264,16695.77186,1682.266899,983.2890864,1054.97372,30.44508311,163.4059929,111.7214288,0.058462523,0.002649384
494.12,23.58,2.62,99.83,51.16,913.3816469,5083.723734,1244.652084,842.1614808,303.0260323,24.15931158,141.9334384,105.1449051,0.058466425,0.002183813
419.56,15.5,2.11,84.38,41.08,1489.118396,10470.46696,1436.697533,928.6988956,107.2669732,36.39466582,103.3627733,105.2060372,0.058509188,0.001375334
154.17,28.14,3.28,95.03,56.61,712.1020188,32916.31864,1968.741528,998.4859068,771.7603783,34.52642082,164.495869,111.4164256,0.058590543,0.002517743
514.95,18.19,4.33,95.76,46.85,580.9595301,77318.77195,1757.50147,840.5386805,2115.15788,39.63722136,120.1857683,104.2850334,0.058682701,0.002020142
317.34,29.16,4.27,72.88,54.66,458.1693986,5890.252778,1562.297848,782.3638993,3111.211474,32.72829171,170.6649114,111.2785754,0.058695393,0.002746318
537.4,22.16,2.88,77.51,48.1,788.21448,10541.78944,1482.333832,814.6998416,837.1489202,28.55761241,136.5418648,106.2313472,0.058751914,0.002201811
505.11,28.15,3.98,99.63,57.31,466.4580569,10738.53369,1253.49611,792.3139021,360.1074568,30.63655583,166.034856,105.7904111,0.058785757,0.002833884
117.2,28.49,4.26,96.18,58.53,717.8685489,2827.464423,1973.462517,1060.747433,45.5299296,38.48982767,167.9093954,113.4606486,0.058809945,0.002709213
116.85,13.34,4.03,96.49,42.33,975.0027685,10347.65464,2758.35877,1133.358998,378.5469905,42.37102849,94.95603734,109.1596256,0.058887987,0.001246092
634.33,15.51,2.71,98.76,42.99,1077.850968,13509.5752,1742.871095,891.5473037,723.4659457,33.17256423,105.1535231,102.9638467,0.058931437,0.001573199
659.49,15.48,3.57,82.24,42.71,764.0495348,9850.771111,1964.559951,855.3880362,26421.23763,37.99047495,106.9161433,103.9450557,0.058989825,0.00164202
449.67,28.08,3.03,52.51,48.57,636.8086812,52744.43262,1476.92536,718.8865006,5920.075827,29.66100451,166.5307015,114.1856386,0.059098702,0.003569549
339.72,16.57,4.09,65.79,42.3,700.2539115,9082.246535,2088.290076,860.9800741,280.1183206,37.97131429,110.7595655,107.6342641,0.059234332,0.002923047
659.29,21.18,3.84,68.17,47.02,575.4353918,21605.59448,1534.674349,779.9542874,1037.590329,34.09438678,135.0193162,106.045983,0.059236309,0.002319671
435.06,18.82,3.95,81.17,46.61,621.403347,61359.70911,1839.31728,848.6802883,848.0881864,37.14341263,122.4538119,105.032117,0.059302584,0.001630122
205.45,21.88,2.53,97.65,50.36,990.494832,30028.6509,1789.178166,999.4995685,1090.180597,32.80561783,133.6576758,106.4043691,0.05934884,0.001958614
104.46,29.03,2.09,86.1,57.49,1405.917671,13214.32617,1651.71367,1206.061301,156.1776705,36.02282857,167.89435,113.2535035,0.059491302,0.002959062
307.46,12,3.9,97.61,40.66,943.1913123,13329.56945,2546.205139,972.5852897,286.4828157,41.09975611,88.22073327,103.9807905,0.059590998,0.001512593
260.07,22.51,3.98,71.67,49.59,604.3416859,11299.30992,1812.414684,872.4354268,448.1460466,36.7023224,138.187842,107.3695954,0.059695247,0.002344994
549.51,28.12,2.63,70.3,53.6,753.1131872,8879.823646,1118.905235,777.6787095,221.0735311,27.66035122,164.9684534,106.7530591,0.059747187,0.003127169
468.27,24.01,4.65,56.99,48.26,474.3492652,19762.64592,1530.588406,744.9273654,1224.033759,36.36248181,147.8168541,109.1296788,0.059943183,0.002578668
107.96,20.32,2.04,69.86,46.87,1638.368588,13032.80097,1735.578915,1184.250831,127.3044313,39.41549962,126.4630098,111.1550643,0.059945195,0.002186409
533.27,18.08,2.84,96.31,47.02,917.8006052,13570.5564,1608.120385,890.1592537,414.102458,32.53074026,117.2229301,101.7388607,0.0599657,0.001798841
486.26,21.4,4.53,54.23,45.49,517.8305615,23117.11134,1637.827007,757.6739139,1298.515794,37.50154036,136.5593298,108.5680912,0.059972304,0.002387526
449.37,11.06,4.43,95.46,40.4,830.7126836,24990.57182,2548.655719,937.0135102,584.0866693,43.79718282,85.42205266,102.8088871,0.059985974,0.00269017
138.94,17.55,4.02,82.56,46.83,841.6720872,5341.402284,2364.099245,1058.823047,277.6654832,37.15810408,115.0748494,107.928181,0.060061502,0.001680735
503.19,23.05,4.56,62.54,49,476.8002989,64945.24257,1521.14459,767.0536019,5022.52652,36.41701016,144.5808891,106.8274301,0.060154006,0.002343666
513.28,26.68,2.77,91.98,56.31,741.9571681,7324.625109,1115.281556,835.9099868,236.2854592,26.97415772,158.4441148,102.9244105,0.060163938,0.002823506
698.5,26.8,3.98,79.98,55.49,509.9655519,978.0341037,1240.398022,767.7863103,360.2185509,21.1858517,160.4789539,103.6724737,0.060242156,0.003085719
250.03,29.73,3.1,92.17,59.63,634.6834123,94383.85559,1572.638178,913.6493231,38762.54897,30.29913683,171.3418402,106.3148935,0.060251652,0.002830281
208.28,29.37,3.55,63.25,54.25,655.8023329,5403.142071,1743.59712,856.4247157,143.6701128,31.92511472,170.4134033,112.1892739,0.06037771,0.003403313
655.4,22.91,4.83,82.58,52.73,417.1791075,819.7987155,1394.389406,787.9456754,1559.992279,34.18170739,143.6513905,102.8289066,0.060391007,0.002430224
664.04,23.96,3.38,88.18,53.88,623.3718145,6798.348806,1229.211078,815.8124231,344.3373249,29.36765435,148.2306635,101.6822522,0.060402258,0.002723998
282.17,20.36,3.92,90.01,50.45,624.8504987,21828.4003,1843.188864,921.3194976,692.5077296,37.4267806,127.1979147,103.126126,0.060422788,0.002232576
349.66,20.99,2.03,70.71,47.37,1292.906125,8143.162701,1179.517116,907.4283677,64.99721877,34.11415891,129.2818387,104.4212664,0.060430301,0.001918601
411.09,17.43,3.63,65.98,44.22,714.9711963,68635.59601,1981.230211,863.4947235,989.1893266,36.85250539,115.2835529,104.6308559,0.060439372,0.001772351
168.43,24,3.02,51.26,46.58,843.6748848,23459.35287,2073.779053,897.0451766,286.6876109,35.86230898,145.0379207,114.2069874,0.060442834,0.003124755
530.79,12.35,4.34,78.11,41.87,759.8711705,12520.55015,2269.497026,913.4010062,153.1860986,46.45223549,91.0232499,99.96820934,0.060682579,0.004055996
554.73,29.87,3.4,78.78,58.7,554.6825498,5088.975285,1124.034911,785.360724,306.0962731,26.62492274,174.557058,104.0331911,0.060804437,0.00351604
227.93,20.2,2.68,95.86,50.13,932.9223826,79875.61816,1894.761914,1007.983753,2888.584261,33.80365066,125.2806031,103.1931623,0.060841952,0.002214955
684.9,14.79,4.15,84.28,44.85,674.8919936,19917.2355,1957.275431,874.9052747,13905.24482,40.23803147,105.7956343,100.067343,0.0609954,0.001705826
319.06,28.07,2.77,79.41,56.75,734.7422738,17538.99156,1405.930182,877.7304892,296.187793,29.48269997,163.162698,104.7932356,0.061004737,0.002734452
588.07,18.36,4.06,79.21,47.86,598.5804868,60061.0629,1704.101649,847.5010406,1303.20996,37.35868572,120.6361905,101.2677626,0.061019783,0.00183687
513.83,20.59,4.67,89.74,52.09,495.516201,23628.95445,1537.577556,844.4617256,18793.17581,38.8637257,131.8249726,100.7394707,0.061058553,0.002335336
597.89,26.65,3.21,84.31,56.9,633.566151,5338.754417,1118.039599,815.8728732,274.5331742,26.86549224,159.2939259,101.649553,0.061117334,0.00308977
100.12,15.24,2.47,55.44,41.37,1576.834474,13520.56298,2344.950396,1202.760666,422.5817539,37.65725654,102.531307,110.3356613,0.061258612,0.00209397
226.06,11.8,2.4,92.41,40.77,1643.637063,14154.6621,2275.735193,1100.397444,842.4432728,31.89080893,85.02337783,101.4905907,0.06126774,0.001188998
270.28,23.31,4.99,97.45,55.88,519.9343732,2519.307526,1616.049086,906.2087223,78.81963862,36.45010544,143.0497555,103.1910498,0.06128321,0.004126116
353.75,20.88,3.9,82.87,51.19,591.5111567,37525.37842,1760.381758,891.1809117,2768.962767,34.80234331,129.9279236,101.9540603,0.061489561,0.00184882
300.5,17.84,2.76,63.73,44.63,958.239025,41595.05877,1966.279814,929.4255085,6900.6105,34.40891116,114.6907557,103.6499912,0.061495869,0.00164059
262.97,25.44,4.95,73.98,55.22,510.3463187,2067.995543,1602.873742,862.3344415,158.4281703,32.8356848,153.0514158,105.6544992,0.061679043,0.004431654
411.23,17.75,4.68,65.89,46.72,578.3484112,3632.727441,1811.811348,859.2837289,242.6259654,40.09551487,116.2506569,101.3291671,0.06168954,0.003807184
461.82,15.14,3.2,67.96,43.12,880.0689743,28463.34533,2100.737426,911.3534609,40894.6207,37.03187715,102.5895941,101.2194934,0.061708613,0.001600788
623.66,26.91,2.48,93.51,59.02,882.0693595,3794.363226,777.6104732,851.2484179,66.48024548,26.87341115,159.6612274,98.98356069,0.061868309,0.003223747
437.84,28.03,4.92,61.94,54.92,408.0063477,37478.83673,1359.699622,755.3921288,2764.181954,35.15820536,167.2892251,106.3381647,0.061869457,0.003010704
385.25,13.22,3.48,89.37,43.75,907.5257423,9401.414885,2392.381416,973.0998065,12440.92925,38.86295285,93.93586314,99.55015867,0.061879537,0.001308137
364.31,10.64,3.88,86.4,41.13,986.0637321,31775.86333,2719.248442,1002.004946,1097.638488,42.27148673,81.56194961,99.85853945,0.062007911,0.002073211
302.82,19.26,3.88,95.37,51.43,641.5007854,33380.36474,1877.012097,949.1985118,1292.415065,36.25887905,122.0501078,100.1671555,0.062033607,0.001533355
216.98,22.36,2.45,98.51,54.42,1018.575553,16775.9664,1628.044755,1044.502707,574.0048734,30.99037674,135.6397453,101.3133741,0.062110736,0.002138022
470.23,18.16,3.22,90.78,49.56,768.552367,48756.72735,1777.503157,918.0918724,3246.198121,34.23285331,117.7505329,98.78460528,0.062150525,0.001855475
621.5,15.69,4.56,56.86,43.53,620.0524339,13249.35974,1881.78899,833.4984213,3405.003301,41.17980586,110.403202,101.2054406,0.062253457,0.002358115
251.61,22.72,3.01,84.95,53.99,755.6842544,91176.00512,1789.072524,973.5789711,581128.0007,33.02898729,138.2711016,101.7414615,0.062272635,0.00211239
295.49,18.43,2.01,88.72,48.78,1460.576164,7743.039514,1277.24482,1015.184361,76.6654728,34.28239927,116.2686835,99.70373206,0.062341182,0.002816305
443.54,22.08,3.8,71.6,51.74,571.6508096,28440.97171,1608.088165,850.7815353,2547.77842,33.20015237,137.4744968,101.4403358,0.062355998,0.002370478
357.54,18.27,2.34,64.48,45.79,1178.657175,11336.88443,1485.464586,934.5994212,213.2111531,33.14844438,116.023424,101.2235996,0.062381912,0.001720061
607.53,15.2,2.89,53.54,41.29,988.3576997,38369.1259,1899.394913,873.7908223,605.3350123,37.44838948,104.9628292,101.4546212,0.062416019,0.001873317
360.69,29.69,3.29,64.88,56.97,562.504676,36726.92311,1450.975249,816.7913062,18782.5339,29.69132258,171.7466072,105.2827488,0.062520605,0.003535607
417.7,13.31,2.5,81.77,43.5,1360.175144,14019.39227,1875.495964,1002.281792,290.9771869,36.31312085,93.44253678,97.86973557,0.062769345,0.001326778
485.28,29.08,3.68,62.92,56.4,494.9536784,15587.83143,1298.028512,776.569621,548.8732892,29.59139297,171.2529857,104.318583,0.062781381,0.003730797
418.45,24.98,4.7,62.19,53.48,450.4895463,41568.72127,1468.961765,800.3673176,2164.065817,36.27802099,151.732453,103.1760216,0.06292165,0.002672034
315.38,17.57,3.1,56.14,44.5,844.8451263,25975.06186,2026.888592,911.82029,437353.6556,35.55505199,114.6573722,102.87489,0.062973877,0.002013525
590.67,20.41,3.72,51.77,46.14,600.384944,67879.69621,1664.635179,794.9777974,29417.86229,34.5192077,130.0756855,103.047266,0.06310147,0.002594137
281.11,25.61,2.72,72.35,55.65,823.2421196,8993.286438,1569.432478,927.7755726,1097.561176,26.9849906,151.4447203,101.9461897,0.063134135,0.002459159
132.03,15.18,4.37,98.44,49.82,890.698695,3136.455597,2773.838302,1171.977601,375.1125884,32.89284141,103.9050036,101.5269065,0.063195595,0.00151281
594.39,21.88,3.7,58.19,49.45,590.5224199,13484.97035,1507.600402,805.3290499,1029.85596,32.00410731,137.2698448,101.4295829,0.063312794,0.002732426
588.78,12.54,3.76,92.89,45.25,853.3933726,58404.56023,2240.04735,962.4664344,26615.25262,41.03908623,91.43478213,95.85833124,0.063387175,0.001375424
361.05,22.51,3.33,79.46,54.36,650.3403536,35109.62875,1640.092241,914.2411372,7065.009582,31.47025602,137.3913388,99.26130891,0.063398328,0.002329849
280.08,17.09,3.4,56.21,44.84,811.44735,33101.06711,2135.351573,933.6088877,475.0246112,36.74364305,111.8410597,102.1398584,0.063604358,0.001963754
564.61,12.64,2.95,79.12,43.84,1114.131062,36887.39155,2140.591489,973.7809256,958.1336499,38.62178395,91.478173,96.20687758,0.063616375,0.00144572
499.79,20.76,2.29,86.74,53.22,1088.719081,7607.45654,1119.863812,933.9371744,89.01493841,31.29499403,128.3625612,96.36763626,0.063633166,0.002208847
344.1,10.55,3.22,70.01,40.9,1179.466857,58024.17232,2756.042219,1036.452564,18160.61165,40.99813027,80.56084147,97.96099215,0.063694601,0.001182967
213.08,29.67,4.48,64.58,59.45,521.8353412,3618.197563,1618.647629,892.7538672,246.5836525,32.95252702,173.070494,105.7375827,0.063938818,0.003185919
573.62,29.08,2.03,64.12,57.56,1162.594975,2871.328768,507.1570753,820.5425813,53.32769528,27.38483285,170.2604517,100.4809661,0.06397966,0.003901127
204.89,27.74,2.21,62.81,55.94,1038.42832,15308.70851,1398.17937,979.2841969,182.90872,31.27744763,160.8535937,104.6205607,0.064010698,0.003360938
289.38,21.42,4.44,75.77,54.17,521.4509762,10210.87333,1768.495991,926.3822772,478.1341251,36.93543156,133.6515972,99.79216914,0.06404055,0.004276563
333.73,18.8,2.65,81.57,51.25,963.4728057,27231.90096,1696.316801,983.7650021,164.5477399,33.57102462,119.7455734,97.20490497,0.064060642,0.001747473
311.89,10.28,2.86,70.63,40.92,1430.099527,14899.04608,2901.795157,1073.363893,1819.996392,35.24675422,78.56730678,96.99432184,0.064075508,0.001569194
529.25,17.9,2.94,99.17,52.36,891.4315326,10487.54149,1583.495494,952.8695453,708.2788171,30.49153481,115.9782625,94.53323367,0.064220692,0.001944214
165.68,22.6,2.99,65.32,52.9,849.9964032,43040.86015,2030.734154,1051.947892,903.5358369,35.03770632,137.5432019,103.3271377,0.064220917,0.002462869
183.82,22.57,2.28,56.02,49.77,1263.813301,7167.771367,1550.546541,1012.052063,91.28948342,32.71072855,136.4747608,104.5081323,0.064255569,0.002823984
607.99,18.7,2.17,84.22,51.73,1288.131945,5929.320714,1028.106577,941.185754,64.26799856,34.52653151,120.5647562,94.62627754,0.064312473,0.002242573
378.78,15.92,2.48,75.53,47.6,1213.85329,11931.09147,1719.353417,987.0939288,467.9988076,32.83533393,106.1525466,96.37874403,0.064385837,0.001505154
487.57,21.66,4.93,96.22,58.5,458.738109,4434.810691,1411.833733,893.0374307,3677.889388,38.17790292,135.6799436,95.06650319,0.064461181,0.002566412
223.91,24.26,2.76,84.47,58.69,806.5646795,63848.93296,1643.798638,1046.118946,3120.268774,34.11300458,144.4210864,98.1114504,0.064504574,0.002628429
682.5,25.86,2.13,64.79,55.64,1224.11725,2607.478973,495.1256167,836.5702728,56.05163331,27.55277091,155.041783,97.7850302,0.064571968,0.003569816
458.76,20.61,4.39,75.31,54.25,516.7788474,18985.5188,1587.35486,887.1224644,13401.43035,36.62394903,130.4903414,96.53874474,0.064870451,0.002074066
388.17,29.38,4.41,58.68,57.74,420.5527933,21643.54376,1405.435502,791.8290559,3652.139752,32.39943393,172.2920349,103.1890282,0.064894457,0.003734186
262.64,10.76,3.94,85.19,44.8,986.8053353,5473.468274,3084.062153,1086.548212,2249.701366,37.60673439,81.60790869,95.91830623,0.065056155,0.001412349
477.76,15.85,2.33,95.61,50.18,1490.365275,4916.892953,1202.404513,1012.897546,173.1344334,26.51273427,105.2236155,93.29184986,0.065060199,0.00170057
126.58,20.83,4,92.5,58.38,749.3796755,6586.19212,2213.709148,1222.692404,363.0079702,36.90018516,130.6598395,100.0298695,0.065259432,0.002111964
211.21,12.68,2.27,89.49,46.41,1778.744576,9189.397122,2029.761445,1187.03972,30.71993468,38.23194918,89.30037462,95.32400096,0.065435544,0.001350035
340.65,23.59,3.67,78.25,58.15,575.2025701,33561.58344,1594.357842,934.9406268,2879.295074,32.35169052,143.5412348,96.8001201,0.065465146,0.002580769
145.71,17.64,3.6,84.54,53.72,845.6186395,15169.47703,2307.691511,1189.846996,203.7943949,38.82246353,114.9628376,98.31988382,0.065695491,0.001838115
544.48,26.47,3.07,52.03,53.34,665.0123858,8117.817391,1253.455503,789.3018531,277.274151,27.87695898,159.2483341,101.0694984,0.065780422,0.003796048
262.13,20.08,2.93,51.68,48.35,838.5779807,90668.19076,1908.141124,943.1327379,1650195.469,34.28593258,126.0066435,100.5057791,0.066119471,0.002477825
460.31,17.78,3.08,60.17,48.93,824.6448977,44908.17379,1781.66909,923.8482426,584.5356462,34.78126029,116.3434056,95.76299494,0.066276995,0.002141525
567.93,17.38,3.49,59.46,48.69,727.3803039,34009.27594,1766.135745,896.7462194,1889.806084,35.49832305,115.6086181,95.3031009,0.066322265,0.002226746
233.7,22.06,3.82,50.4,50.22,633.5815895,16902.88015,1926.669352,913.751288,406.092696,35.38748619,135.7337461,102.1717364,0.066489662,0.003012102
591.4,25.48,2.13,56.49,54.47,1099.910552,4223.153611,721.3791232,844.6549477,90.502081,27.48643788,152.3947905,97.30479691,0.066498298,0.00355625
232.51,20.16,3.53,86.29,57.34,696.0855528,63865.09378,1924.444058,1068.183709,1396.351068,35.12797861,126.4923344,95.06912441,0.066622866,0.002082429
397.35,22.43,2.04,75.78,56.9,1256.905335,5595.077613,937.3033204,982.0884201,54.98294502,31.86912948,136.3272302,93.85197332,0.066636259,0.002496211
649.74,16.27,3.2,85.46,52.64,908.6231978,3483.387068,1860.213117,959.6269391,721.7986967,24.77384528,109.7797701,91.08281122,0.066649421,0.002070502
564.71,10.58,2.64,88.37,45.64,1509.946924,12463.15001,2369.216606,1069.319875,1433.976564,31.52516684,81.32460335,90.87801739,0.066654946,0.001384481
688.6,10.93,3.67,91.03,47.36,979.0808376,65139.42212,2333.161632,1019.785668,3078.345513,42.31886548,84.18167217,90.45153006,0.066821821,0.001550002
693.5,21.73,3.38,62.57,54.1,662.5683171,7064.769672,1296.994295,855.0610517,377.3743757,29.75327834,136.1778372,94.39223479,0.06686205,0.002896477
574.84,17.19,2.92,54.81,47.4,921.3849401,13396.03981,1655.023751,904.5983435,643.8686407,32.89989252,114.030385,95.04037345,0.066929489,0.002263284
246.58,11.47,2.94,79.76,46.53,1240.947956,69974.04002,2589.727338,1152.543238,1211.964578,39.6110638,84.21160928,93.19521914,0.067160819,0.001965475
520.85,20.32,2.74,73.13,55.28,857.6253351,11994.65,1380.032192,943.4992441,1218.218453,28.66941253,127.2204315,92.45547365,0.067204847,0.002423901
143.89,19.08,4.1,93.9,59.32,765.1349495,4268.272738,2258.795615,1227.212238,418.0976504,33.64583441,122.4644418,95.90400625,0.067325733,0.002029105
510.22,24.5,2.77,71.61,59.57,783.8169207,7028.336323,1107.236659,910.6813923,199.9854089,27.89682505,148.0042022,93.37201179,0.067392673,0.003058502
401.7,17.6,4.39,75.25,54.42,580.2838096,31226.51972,1763.550874,965.3016943,98887.2541,40.03345745,115.100295,92.16603539,0.067420403,0.002486158
359.58,16.92,4.34,82.72,55.38,607.811316,35548.47825,1822.288975,1006.26335,999.291811,42.44817986,111.5964671,90.77576936,0.06751394,0.004089022
383.08,17.83,2.51,78.01,53.76,1119.360694,8768.558117,1498.690537,1027.702561,467.770868,28.86019899,114.9994955,91.81472166,0.067569508,0.001898381
641.56,13.25,4.66,84.55,51.12,648.0074138,46569.11355,2002.288211,970.5799982,11385.79927,42.11373464,96.13600022,90.23989024,0.067659502,0.001690992
486.96,14.79,2.92,59.49,47.25,999.705739,35490.88186,1934.541327,975.3412778,666.2634979,36.67111816,101.533779,92.91531323,0.067777724,0.001853487
291.84,15.7,4.28,76.53,52.63,691.4572173,9107.944826,2060.30989,1032.487146,382.3072092,37.90620414,106.2655519,93.1541629,0.067782798,0.002936433
367.87,12.97,4.3,55.53,45.51,774.1428738,11087.91679,2316.698324,974.1331748,492.6085538,41.02048554,94.56479341,94.7471482,0.067817835,0.0042523
309.88,12.38,2.48,74.46,47.11,1416.932565,22719.60436,2093.221329,1120.128523,877.2529862,34.8268885,88.34835557,91.9471817,0.06783584,0.002195965
403.9,20.1,3.74,86.11,58.86,614.3221189,27973.3853,1611.937925,984.6924198,1489.058905,33.70889648,126.4685732,91.35304395,0.067891329,0.00224928
358.16,12.25,2.14,73.01,46.82,1923.112604,7616.184375,1426.710481,1114.522949,156.1041592,33.5732894,87.87839114,90.91163904,0.067957392,0.001409304
656.49,27.57,2.54,58.28,58.68,827.9223576,4070.612182,823.276046,830.1970306,57.25401176,26.73906453,163.1916221,95.27894829,0.068002291,0.004115437
236.63,11.93,4.14,74.89,48.72,878.6170347,21170.24964,2550.779379,1118.210619,427.0467004,42.01923158,87.81419026,92.93815275,0.068083338,0.001614405
697.1,12.22,4.37,99.17,52.37,741.3698126,49835.47198,2075.32136,1010.781474,4311.773402,42.66883199,91.06907448,88.02880193,0.068438362,0.001681136
319.23,14.56,2.16,54.13,45.65,1516.681375,12554.03272,1595.423485,1049.716869,136.0589237,35.2191739,98.47706598,93.94929569,0.068456904,0.002367584
464.92,27.77,2.11,56.26,58.38,1115.921727,3685.654578,748.767763,873.5251784,45.32405899,28.33488713,162.5252974,96.10071637,0.068518755,0.003925834
400.35,27.28,3.78,58.45,59.49,504.64438,13270.5986,1399.817608,859.3803146,1642.799861,29.9169674,161.9247721,96.71984967,0.06852526,0.003796335
545.7,17.66,2.27,53.6,48.59,2124.402371,2119.383996,562.6409257,937.4809246,48.83618882,25.53771111,114.3582132,93.04665768,0.068534935,0.002355609
191,19.23,3.5,85.23,59.02,764.2548709,21600.0705,2054.039859,1161.673992,1103.627238,35.40124044,122.4268246,93.2354271,0.068549639,0.002075097
380.75,10.48,4,60.55,45.45,979.5750264,10794.14092,2723.341257,1052.279136,2010.553653,40.32904088,80.86468342,90.95958535,0.068833639,0.002216058
445.34,28.25,3.54,51.04,57.2,527.9322458,20149.78903,1359.280198,813.4270179,287.0236645,30.01971899,166.1914908,98.48509867,0.068856746,0.004325455
133.52,15.35,3.66,65.14,51.97,878.7662847,1674.293768,2667.479164,1242.652248,4396.639002,38.51217624,104.3752927,96.16602336,0.068942453,0.002050517
217.82,13.19,2.18,51.41,44.29,1738.526373,11019.44045,1754.856601,1137.566972,139.5158489,35.90168563,91.42021764,94.70705665,0.068990871,0.001873433
336.67,17.04,2.89,66.87,52.57,942.6428896,24046.83706,1838.961844,1034.367638,673.4104234,33.88901523,111.2197258,91.66753851,0.069004561,0.001933957
407.51,14.03,4.17,96.69,55.24,725.0484582,21880.85756,2073.887887,1054.514141,4023.738116,40.36059736,98.43203161,88.22668124,0.069030595,0.001864665
519.15,16.2,2.65,79.93,54.22,1141.638231,7094.707944,1459.39676,1023.942642,296.3154706,29.9577641,107.8806177,88.65654326,0.069074079,0.001992547
127.55,16.09,2.53,85.91,56.11,1298.810445,31049.65351,2208.750463,1400.77304,374.3401395,38.00332605,106.5558636,93.28113718,0.069305382,0.001826057
408.7,18.42,3.54,88.69,59.17,690.9832493,28251.56141,1697.647568,1022.839307,1930.533432,33.85045038,118.578468,88.99064648,0.069339015,0.002135351
235.84,20.69,2.29,80.46,59.62,1495.93805,3430.012645,1156.786185,1147.9083,171.7295065,17.79252209,127.5178106,91.48765505,0.069378671,0.002473833
586.06,16.44,4.3,80.5,56.55,615.1748939,21071.32596,1675.124953,970.2849174,927.3738939,39.27029606,111.7037343,88.30591914,0.069441606,0.002012553
119.78,11.48,4.3,83.83,52.72,1025.428008,7055.953544,2931.862059,1370.006628,522.8201182,39.57650435,86.48108236,93.45047804,0.069514066,0.001497058
517.11,21.08,3.06,73.76,59.34,758.2896271,9362.29601,1319.648921,961.1511475,334.787406,30.52659007,131.5561669,89.50414419,0.069570536,0.00270294
144.42,16.34,2.56,57.12,50.41,1223.352582,49363.84513,2206.308514,1234.425382,1146.549448,37.47072884,107.4728317,95.85818017,0.069674257,0.002313516
657.74,14.21,4.68,76.91,53.91,613.0426462,26084.86522,1840.62876,974.2065169,2918.654883,40.70657663,100.7043342,87.95288105,0.069847716,0.001944575
628.28,12.77,2.02,93.98,52.46,2279.075009,4325.122902,783.3642311,1096.892084,294.8306328,9.548895569,91.95432591,85.78696489,0.069865377,0.001884245
162.33,15.96,4.27,94.29,59.1,738.7234753,11529.14712,2255.290777,1251.975084,121.0218037,40.89717357,107.6867321,91.34598363,0.069915767,0.001864501
682.56,11.22,3.7,70.89,48.9,973.3371069,24921.3323,2229.785658,1027.708457,558.2299002,41.68493647,85.58034857,87.66323552,0.069927107,0.00163229
544.12,15.05,3.75,59.9,50.34,746.032208,53069.21632,1923.486423,964.2105662,1994.159063,37.9989797,103.528662,90.0424504,0.069992163,0.002024469
667.03,11.47,2.11,94.43,51.02,2051.0082,6905.760018,1110.045212,1110.693358,304.6700547,26.08073357,85.65223611,85.5429519,0.070000772,0.001753183
209.05,13.27,4.53,95.2,55.79,763.8347744,11593.03633,2345.511367,1189.722502,440.2480834,41.17044973,94.52577035,89.81823224,0.070004846,0.001779047
551.38,15.3,3.15,58.05,49.87,895.4177825,30790.11752,1855.152575,971.1881156,996.1259972,36.36971271,104.7273411,90.05779435,0.070054167,0.002105835
611.47,13.39,3.97,86.08,54.4,784.3593724,7726.931299,2019.298835,1025.209358,1944.351817,36.99685121,96.34111576,86.43895453,0.070265123,0.001742795
260.17,12.15,3.59,79.47,52.04,966.0773221,6480.257729,2668.48443,1164.172536,4251.609507,37.69110736,88.30483086,88.90728133,0.070476694,0.001434396
469.78,16.15,4.82,60.06,53.19,568.5062503,56265.88709,1770.658308,950.4007797,1660.22346,43.78783489,109.6823715,89.32886908,0.070531296,0.003438742
114.58,11.83,3.23,93.32,54.78,1202.402715,10418.70963,2998.633935,1496.005727,17300.36609,41.95086846,87.22236029,91.12332873,0.07077294,0.001508783
582.79,20.9,4.86,61.72,58.15,445.599309,1028.982234,1442.085943,886.607737,1085.508067,33.89005805,133.8201725,90.12021548,0.070859358,0.002823713
403.66,12.32,3.84,57.62,48.34,858.031382,36481.38095,2365.589055,1036.40881,38582.98699,40.88518208,90.04238627,89.3756626,0.071109434,0.001650272
176.74,11.15,2.55,66.41,48.78,1610.756087,18223.28305,2535.04971,1300.505719,1052.293574,34.77047009,82.44998884,90.21102412,0.071210791,0.001548809
315.85,10.38,4.75,68.88,50.2,821.3334086,31926.8704,2581.138043,1106.500596,939.0864508,44.52293001,81.69290904,88.51026408,0.07141357,0.002146401
590.95,16.17,2.28,50.36,49.48,1998.513894,2582.168068,720.2961782,975.3284081,157.0297844,7.893394377,107.3647333,88.62435917,0.072191738,0.002414363
440.91,14.93,2.43,64.42,53.54,1276.313114,11893.34187,1543.14619,1077.70461,259.6320324,34.09426953,101.3521442,86.11773051,0.07268198,0.001956264
253.25,18.32,2.83,52.15,53.97,904.2041334,73789.99859,1915.715941,1076.958944,1142.113659,35.11629664,117.0673214,90.27352651,0.073702901,0.00447898
634.51,17.2,4.15,59.34,56.69,615.2588373,12211.1446,1579.071602,953.7343199,215.120428,37.69809272,115.7368979,85.81536001,0.073752835,0.002619066
462.58,22.47,2.06,55.61,59.02,1268.880446,4598.406283,895.5615008,979.8700689,30.59354083,32.65543542,138.1386961,87.87587323,0.073827908,0.003357847
171.48,13.06,2.75,77.41,56.68,1274.766762,37933.13458,2392.933192,1366.295217,1418.364866,37.61314864,92.02828557,86.5540501,0.0739291,0.00174093
291.58,11.17,2.01,58.44,48.86,2570.01534,5747.362848,1045.82506,1221.383268,132.712728,26.67915083,82.07782856,86.0614281,0.073971105,0.001852309
349.22,12.02,2.68,59.79,51.3,1442.476807,9675.387369,2054.990249,1152.618615,409.5698486,33.66066894,87.38409307,84.89933251,0.074324654,0.001690528
179.02,13.64,4.48,75.64,59.29,806.0600589,6985.757443,2337.09268,1273.287093,285.9947441,39.98249286,96.53237526,86.8165157,0.074404622,0.001968758
143.59,18.65,3.68,58.93,59.4,810.570442,11404.27736,2218.226315,1261.990014,289.5074153,37.79992626,120.2172114,91.42791118,0.074498891,0.00293127
472.43,11.38,4.47,65.77,54.5,776.6809628,26666.3328,2252.445664,1088.067578,8587.468526,45.94019076,86.05380629,82.58864603,0.074644002,0.003729063
429.83,11.53,2.22,96.75,57.82,1914.829564,7504.957724,1424.120672,1233.407172,344.851887,26.46281234,84.96286547,80.8786505,0.074829892,0.001600145
664.82,13.51,4.19,74.04,58.64,727.7027468,17456.16634,1843.233255,1045.706233,754.2754775,40.44454106,97.43542358,81.91261513,0.07493915,0.002093392
240.71,13.66,2.56,83.15,59.46,1342.664112,14062.19433,1986.129219,1297.845607,589.4008994,32.58806469,94.4935159,83.52234291,0.075083489,0.001946666
555.39,10.06,2.94,99.27,57.69,1424.50062,13145.18004,2212.744608,1200.754559,714.6544963,36.2783526,79.0884542,79.80969591,0.075327945,0.00158228
114.72,10.25,3.47,86.65,58.89,1231.450953,52284.62638,3157.533477,1609.23554,21263.97378,43.5176761,79.89799351,86.27569504,0.075395882,0.001580674
308.73,12.11,3.27,69.61,55.83,1055.421388,29974.69722,2447.616007,1197.773885,4185.496684,37.82838721,87.76526057,83.30767539,0.07558536,0.001638162
514.16,10.26,2.65,70.19,53.39,1575.614936,11193.21824,2321.521212,1175.200043,1100.400988,30.23917831,79.52386726,81.29722188,0.075642905,0.001608299
231.39,18.02,2.27,53.36,56.52,1867.751043,3024.890928,929.5031059,1171.943379,108.228497,18.32425455,114.8642239,87.14597015,0.076326283,0.002837203
687.54,12.89,3.98,70.64,58.94,830.322052,6833.37929,1887.512963,1068.054471,897.6376576,35.55589303,94.81214793,80.2098839,0.076624251,0.002173218
587.95,10.81,2.19,93.38,59.2,2252.696249,5577.211703,998.9096106,1223.479968,155.5183955,28.87274927,82.08549367,78.19157102,0.076709289,0.001842492
637.07,15.4,3.37,60.6,58.02,863.9550786,7954.238725,1655.343468,1030.992594,643.023672,32.22396373,104.9403381,81.69653558,0.076762148,0.002456781
440.66,12.68,3.87,71.89,59.19,846.2794953,21927.64176,2151.287142,1132.138399,1817.933552,39.3587449,92.44801726,80.97250984,0.076868101,0.001847115
673.35,11.23,4.94,61.1,55.35,696.2343083,3891.802789,2115.381978,1048.851606,7324.393729,43.73267063,86.75743851,81.21440346,0.077011885,0.001910427
270.29,10.2,4.29,54.46,52.54,940.2261107,4639.781237,3023.637907,1186.477008,1936.710872,37.95343599,79.46654474,83.82545873,0.077745322,0.002162699
392.01,11.23,3.88,60.39,55.67,908.7990979,46184.10259,2442.518535,1151.742651,101085.7209,42.29442894,84.71674688,81.12493649,0.078243442,0.001745914
147.12,15.7,3.21,50.58,57.17,973.0209366,46980.87116,2447.14921,1322.141151,4007.947702,38.00105526,105.1977773,87.25339421,0.079057915,0.003252834
516.64,15.76,4.48,55.6,59.9,610.8728081,5625.526029,1767.425056,1026.294358,2026.699861,37.37513076,107.8433889,80.96809971,0.079413089,0.002404609
125.96,10.1,4.21,63.95,59.58,1050.841485,22577.67802,2982.210392,1525.211687,916.8272283,44.33310675,79.97065474,84.02711824,0.0797186,0.001931183
474.88,12.61,2.52,60.17,59.74,1454.660415,9059.83745,1630.845577,1188.587409,130.6927007,36.66313225,90.50306085,77.25641466,0.08154349,0.002108962
