split,design,idx,status,file
train,TMRDL,0,skipped,C:\ffzhzh\SyncFiles\Temp\HFSS_sim\simdata_TSV_RDL_Connection\train\TMRDL\dut0.s2p
train,TMRDL,1,skipped,C:\ffzhzh\SyncFiles\Temp\HFSS_sim\simdata_TSV_RDL_Connection\train\TMRDL\dut1.s2p
train,TMRDL,2,skipped,C:\ffzhzh\SyncFiles\Temp\HFSS_sim\simdata_TSV_RDL_Connection\train\TMRDL\dut2.s2p
train,TMRDL,3,skipped,C:\ffzhzh\SyncFiles\Temp\HFSS_sim\simdata_TSV_RDL_Connection\train\TMRDL\dut3.s2p
train,TMRDL,4,skipped,C:\ffzhzh\SyncFiles\Temp\HFSS_sim\simdata_TSV_RDL_Connection\train\TMRDL\dut4.s2p
train,TMRDL,5,skipped,C:\ffzhzh\SyncFiles\Temp\HFSS_sim\simdata_TSV_RDL_Connection\train\TMRDL\dut5.s2p
train,TMRDL,6,skipped,C:\ffzhzh\SyncFiles\Temp\HFSS_sim\simdata_TSV_RDL_Connection\train\TMRDL\dut6.s2p
train,TMRDL,7,skipped,C:\ffzhzh\SyncFiles\Temp\HFSS_sim\simdata_TSV_RDL_Connection\train\TMRDL\dut7.s2p
train,TMRDL,8,skipped,C:\ffzhzh\SyncFiles\Temp\HFSS_sim\simdata_TSV_RDL_Connection\train\TMRDL\dut8.s2p
train,TMRDL,9,skipped,C:\ffzhzh\SyncFiles\Temp\HFSS_sim\simdata_TSV_RDL_Connection\train\TMRDL\dut9.s2p
train,TMRDL,10,skipped,C:\ffzhzh\SyncFiles\Temp\HFSS_sim\simdata_TSV_RDL_Connection\train\TMRDL\dut10.s2p
train,TMRDL,11,skipped,C:\ffzhzh\SyncFiles\Temp\HFSS_sim\simdata_TSV_RDL_Connection\train\TMRDL\dut11.s2p
train,TMRDL,12,skipped,C:\ffzhzh\SyncFiles\Temp\HFSS_sim\simdata_TSV_RDL_Connection\train\TMRDL\dut12.s2p
train,TMRDL,13,skipped,C:\ffzhzh\SyncFiles\Temp\HFSS_sim\simdata_TSV_RDL_Connection\train\TMRDL\dut13.s2p
train,TMRDL,14,skipped,C:\ffzhzh\SyncFiles\Temp\HFSS_sim\simdata_TSV_RDL_Connection\train\TMRDL\dut14.s2p
train,TMRDL,15,skipped,C:\ffzhzh\SyncFiles\Temp\HFSS_sim\simdata_TSV_RDL_Connection\train\TMRDL\dut15.s2p
train,TMRDL,16,skipped,C:\ffzhzh\SyncFiles\Temp\HFSS_sim\simdata_TSV_RDL_Connection\train\TMRDL\dut16.s2p
train,TMRDL,17,skipped,C:\ffzhzh\SyncFiles\Temp\HFSS_sim\simdata_TSV_RDL_Connection\train\TMRDL\dut17.s2p
train,TMRDL,18,skipped,C:\ffzhzh\SyncFiles\Temp\HFSS_sim\simdata_TSV_RDL_Connection\train\TMRDL\dut18.s2p
train,TMRDL,19,skipped,C:\ffzhzh\SyncFiles\Temp\HFSS_sim\simdata_TSV_RDL_Connection\train\TMRDL\dut19.s2p
train,TMRDL,20,skipped,C:\ffzhzh\SyncFiles\Temp\HFSS_sim\simdata_TSV_RDL_Connection\train\TMRDL\dut20.s2p
train,TMRDL,21,skipped,C:\ffzhzh\SyncFiles\Temp\HFSS_sim\simdata_TSV_RDL_Connection\train\TMRDL\dut21.s2p
train,TMRDL,22,skipped,C:\ffzhzh\SyncFiles\Temp\HFSS_sim\simdata_TSV_RDL_Connection\train\TMRDL\dut22.s2p
train,TMRDL,23,skipped,C:\ffzhzh\SyncFiles\Temp\HFSS_sim\simdata_TSV_RDL_Connection\train\TMRDL\dut23.s2p
train,TMRDL,24,skipped,C:\ffzhzh\SyncFiles\Temp\HFSS_sim\simdata_TSV_RDL_Connection\train\TMRDL\dut24.s2p
train,TMRDL,25,skipped,C:\ffzhzh\SyncFiles\Temp\HFSS_sim\simdata_TSV_RDL_Connection\train\TMRDL\dut25.s2p
train,TMRDL,26,skipped,C:\ffzhzh\SyncFiles\Temp\HFSS_sim\simdata_TSV_RDL_Connection\train\TMRDL\dut26.s2p
train,TMRDL,27,skipped,C:\ffzhzh\SyncFiles\Temp\HFSS_sim\simdata_TSV_RDL_Connection\train\TMRDL\dut27.s2p
train,TMRDL,28,skipped,C:\ffzhzh\SyncFiles\Temp\HFSS_sim\simdata_TSV_RDL_Connection\train\TMRDL\dut28.s2p
train,TMRDL,29,skipped,C:\ffzhzh\SyncFiles\Temp\HFSS_sim\simdata_TSV_RDL_Connection\train\TMRDL\dut29.s2p
train,TMRDL,30,skipped,C:\ffzhzh\SyncFiles\Temp\HFSS_sim\simdata_TSV_RDL_Connection\train\TMRDL\dut30.s2p
train,TMRDL,31,skipped,C:\ffzhzh\SyncFiles\Temp\HFSS_sim\simdata_TSV_RDL_Connection\train\TMRDL\dut31.s2p
train,TMRDL,32,skipped,C:\ffzhzh\SyncFiles\Temp\HFSS_sim\simdata_TSV_RDL_Connection\train\TMRDL\dut32.s2p
train,TMRDL,33,skipped,C:\ffzhzh\SyncFiles\Temp\HFSS_sim\simdata_TSV_RDL_Connection\train\TMRDL\dut33.s2p
train,TMRDL,34,skipped,C:\ffzhzh\SyncFiles\Temp\HFSS_sim\simdata_TSV_RDL_Connection\train\TMRDL\dut34.s2p
train,TMRDL,35,skipped,C:\ffzhzh\SyncFiles\Temp\HFSS_sim\simdata_TSV_RDL_Connection\train\TMRDL\dut35.s2p
train,TMRDL,36,skipped,C:\ffzhzh\SyncFiles\Temp\HFSS_sim\simdata_TSV_RDL_Connection\train\TMRDL\dut36.s2p
train,TMRDL,37,skipped,C:\ffzhzh\SyncFiles\Temp\HFSS_sim\simdata_TSV_RDL_Connection\train\TMRDL\dut37.s2p
train,TMRDL,38,skipped,C:\ffzhzh\SyncFiles\Temp\HFSS_sim\simdata_TSV_RDL_Connection\train\TMRDL\dut38.s2p
train,TMRDL,39,skipped,C:\ffzhzh\SyncFiles\Temp\HFSS_sim\simdata_TSV_RDL_Connection\train\TMRDL\dut39.s2p
train,TMRDL,40,skipped,C:\ffzhzh\SyncFiles\Temp\HFSS_sim\simdata_TSV_RDL_Connection\train\TMRDL\dut40.s2p
train,TMRDL,41,skipped,C:\ffzhzh\SyncFiles\Temp\HFSS_sim\simdata_TSV_RDL_Connection\train\TMRDL\dut41.s2p
train,TMRDL,42,skipped,C:\ffzhzh\SyncFiles\Temp\HFSS_sim\simdata_TSV_RDL_Connection\train\TMRDL\dut42.s2p
train,TMRDL,43,skipped,C:\ffzhzh\SyncFiles\Temp\HFSS_sim\simdata_TSV_RDL_Connection\train\TMRDL\dut43.s2p
train,TMRDL,44,skipped,C:\ffzhzh\SyncFiles\Temp\HFSS_sim\simdata_TSV_RDL_Connection\train\TMRDL\dut44.s2p
train,TMRDL,45,skipped,C:\ffzhzh\SyncFiles\Temp\HFSS_sim\simdata_TSV_RDL_Connection\train\TMRDL\dut45.s2p
train,TMRDL,46,skipped,C:\ffzhzh\SyncFiles\Temp\HFSS_sim\simdata_TSV_RDL_Connection\train\TMRDL\dut46.s2p
train,TMRDL,47,skipped,C:\ffzhzh\SyncFiles\Temp\HFSS_sim\simdata_TSV_RDL_Connection\train\TMRDL\dut47.s2p
train,TMRDL,48,skipped,C:\ffzhzh\SyncFiles\Temp\HFSS_sim\simdata_TSV_RDL_Connection\train\TMRDL\dut48.s2p
train,TMRDL,49,skipped,C:\ffzhzh\SyncFiles\Temp\HFSS_sim\simdata_TSV_RDL_Connection\train\TMRDL\dut49.s2p
train,TMRDL,50,skipped,C:\ffzhzh\SyncFiles\Temp\HFSS_sim\simdata_TSV_RDL_Connection\train\TMRDL\dut50.s2p
train,TMRDL,51,skipped,C:\ffzhzh\SyncFiles\Temp\HFSS_sim\simdata_TSV_RDL_Connection\train\TMRDL\dut51.s2p
train,TMRDL,52,skipped,C:\ffzhzh\SyncFiles\Temp\HFSS_sim\simdata_TSV_RDL_Connection\train\TMRDL\dut52.s2p
train,TMRDL,53,skipped,C:\ffzhzh\SyncFiles\Temp\HFSS_sim\simdata_TSV_RDL_Connection\train\TMRDL\dut53.s2p
train,TMRDL,54,skipped,C:\ffzhzh\SyncFiles\Temp\HFSS_sim\simdata_TSV_RDL_Connection\train\TMRDL\dut54.s2p
train,TMRDL,55,skipped,C:\ffzhzh\SyncFiles\Temp\HFSS_sim\simdata_TSV_RDL_Connection\train\TMRDL\dut55.s2p
train,TMRDL,56,skipped,C:\ffzhzh\SyncFiles\Temp\HFSS_sim\simdata_TSV_RDL_Connection\train\TMRDL\dut56.s2p
train,TMRDL,57,skipped,C:\ffzhzh\SyncFiles\Temp\HFSS_sim\simdata_TSV_RDL_Connection\train\TMRDL\dut57.s2p
train,TMRDL,58,skipped,C:\ffzhzh\SyncFiles\Temp\HFSS_sim\simdata_TSV_RDL_Connection\train\TMRDL\dut58.s2p
train,TMRDL,59,skipped,C:\ffzhzh\SyncFiles\Temp\HFSS_sim\simdata_TSV_RDL_Connection\train\TMRDL\dut59.s2p
train,TMRDL,60,skipped,C:\ffzhzh\SyncFiles\Temp\HFSS_sim\simdata_TSV_RDL_Connection\train\TMRDL\dut60.s2p
train,TMRDL,61,skipped,C:\ffzhzh\SyncFiles\Temp\HFSS_sim\simdata_TSV_RDL_Connection\train\TMRDL\dut61.s2p
train,TMRDL,62,skipped,C:\ffzhzh\SyncFiles\Temp\HFSS_sim\simdata_TSV_RDL_Connection\train\TMRDL\dut62.s2p
train,TMRDL,63,skipped,C:\ffzhzh\SyncFiles\Temp\HFSS_sim\simdata_TSV_RDL_Connection\train\TMRDL\dut63.s2p
train,TMRDL,64,skipped,C:\ffzhzh\SyncFiles\Temp\HFSS_sim\simdata_TSV_RDL_Connection\train\TMRDL\dut64.s2p
train,TMRDL,65,skipped,C:\ffzhzh\SyncFiles\Temp\HFSS_sim\simdata_TSV_RDL_Connection\train\TMRDL\dut65.s2p
train,TMRDL,66,skipped,C:\ffzhzh\SyncFiles\Temp\HFSS_sim\simdata_TSV_RDL_Connection\train\TMRDL\dut66.s2p
train,TMRDL,67,skipped,C:\ffzhzh\SyncFiles\Temp\HFSS_sim\simdata_TSV_RDL_Connection\train\TMRDL\dut67.s2p
train,TMRDL,68,skipped,C:\ffzhzh\SyncFiles\Temp\HFSS_sim\simdata_TSV_RDL_Connection\train\TMRDL\dut68.s2p
train,TMRDL,69,skipped,C:\ffzhzh\SyncFiles\Temp\HFSS_sim\simdata_TSV_RDL_Connection\train\TMRDL\dut69.s2p
train,TMRDL,70,skipped,C:\ffzhzh\SyncFiles\Temp\HFSS_sim\simdata_TSV_RDL_Connection\train\TMRDL\dut70.s2p
train,TMRDL,71,skipped,C:\ffzhzh\SyncFiles\Temp\HFSS_sim\simdata_TSV_RDL_Connection\train\TMRDL\dut71.s2p
train,TMRDL,72,skipped,C:\ffzhzh\SyncFiles\Temp\HFSS_sim\simdata_TSV_RDL_Connection\train\TMRDL\dut72.s2p
train,TMRDL,73,skipped,C:\ffzhzh\SyncFiles\Temp\HFSS_sim\simdata_TSV_RDL_Connection\train\TMRDL\dut73.s2p
train,TMRDL,74,skipped,C:\ffzhzh\SyncFiles\Temp\HFSS_sim\simdata_TSV_RDL_Connection\train\TMRDL\dut74.s2p
train,TMRDL,75,skipped,C:\ffzhzh\SyncFiles\Temp\HFSS_sim\simdata_TSV_RDL_Connection\train\TMRDL\dut75.s2p
train,TMRDL,76,skipped,C:\ffzhzh\SyncFiles\Temp\HFSS_sim\simdata_TSV_RDL_Connection\train\TMRDL\dut76.s2p
train,TMRDL,77,skipped,C:\ffzhzh\SyncFiles\Temp\HFSS_sim\simdata_TSV_RDL_Connection\train\TMRDL\dut77.s2p
train,TMRDL,78,skipped,C:\ffzhzh\SyncFiles\Temp\HFSS_sim\simdata_TSV_RDL_Connection\train\TMRDL\dut78.s2p
train,TMRDL,79,skipped,C:\ffzhzh\SyncFiles\Temp\HFSS_sim\simdata_TSV_RDL_Connection\train\TMRDL\dut79.s2p
train,TMRDL,80,skipped,C:\ffzhzh\SyncFiles\Temp\HFSS_sim\simdata_TSV_RDL_Connection\train\TMRDL\dut80.s2p
train,TMRDL,81,skipped,C:\ffzhzh\SyncFiles\Temp\HFSS_sim\simdata_TSV_RDL_Connection\train\TMRDL\dut81.s2p
train,TMRDL,82,skipped,C:\ffzhzh\SyncFiles\Temp\HFSS_sim\simdata_TSV_RDL_Connection\train\TMRDL\dut82.s2p
train,TMRDL,83,skipped,C:\ffzhzh\SyncFiles\Temp\HFSS_sim\simdata_TSV_RDL_Connection\train\TMRDL\dut83.s2p
train,TMRDL,84,skipped,C:\ffzhzh\SyncFiles\Temp\HFSS_sim\simdata_TSV_RDL_Connection\train\TMRDL\dut84.s2p
train,TMRDL,85,skipped,C:\ffzhzh\SyncFiles\Temp\HFSS_sim\simdata_TSV_RDL_Connection\train\TMRDL\dut85.s2p
train,TMRDL,86,skipped,C:\ffzhzh\SyncFiles\Temp\HFSS_sim\simdata_TSV_RDL_Connection\train\TMRDL\dut86.s2p
train,TMRDL,87,skipped,C:\ffzhzh\SyncFiles\Temp\HFSS_sim\simdata_TSV_RDL_Connection\train\TMRDL\dut87.s2p
train,TMRDL,88,skipped,C:\ffzhzh\SyncFiles\Temp\HFSS_sim\simdata_TSV_RDL_Connection\train\TMRDL\dut88.s2p
train,TMRDL,89,skipped,C:\ffzhzh\SyncFiles\Temp\HFSS_sim\simdata_TSV_RDL_Connection\train\TMRDL\dut89.s2p
train,TMRDL,90,skipped,C:\ffzhzh\SyncFiles\Temp\HFSS_sim\simdata_TSV_RDL_Connection\train\TMRDL\dut90.s2p
train,TMRDL,91,skipped,C:\ffzhzh\SyncFiles\Temp\HFSS_sim\simdata_TSV_RDL_Connection\train\TMRDL\dut91.s2p
train,TMRDL,92,skipped,C:\ffzhzh\SyncFiles\Temp\HFSS_sim\simdata_TSV_RDL_Connection\train\TMRDL\dut92.s2p
train,TMRDL,93,skipped,C:\ffzhzh\SyncFiles\Temp\HFSS_sim\simdata_TSV_RDL_Connection\train\TMRDL\dut93.s2p
train,TMRDL,94,skipped,C:\ffzhzh\SyncFiles\Temp\HFSS_sim\simdata_TSV_RDL_Connection\train\TMRDL\dut94.s2p
train,TMRDL,95,skipped,C:\ffzhzh\SyncFiles\Temp\HFSS_sim\simdata_TSV_RDL_Connection\train\TMRDL\dut95.s2p
train,TMRDL,96,skipped,C:\ffzhzh\SyncFiles\Temp\HFSS_sim\simdata_TSV_RDL_Connection\train\TMRDL\dut96.s2p
train,TMRDL,97,skipped,C:\ffzhzh\SyncFiles\Temp\HFSS_sim\simdata_TSV_RDL_Connection\train\TMRDL\dut97.s2p
train,TMRDL,98,skipped,C:\ffzhzh\SyncFiles\Temp\HFSS_sim\simdata_TSV_RDL_Connection\train\TMRDL\dut98.s2p
train,TMRDL,99,skipped,C:\ffzhzh\SyncFiles\Temp\HFSS_sim\simdata_TSV_RDL_Connection\train\TMRDL\dut99.s2p
train,BSMRDL,0,skipped,C:\ffzhzh\SyncFiles\Temp\HFSS_sim\simdata_TSV_RDL_Connection\train\BSMRDL\dut0.s2p
train,BSMRDL,1,skipped,C:\ffzhzh\SyncFiles\Temp\HFSS_sim\simdata_TSV_RDL_Connection\train\BSMRDL\dut1.s2p
train,BSMRDL,2,skipped,C:\ffzhzh\SyncFiles\Temp\HFSS_sim\simdata_TSV_RDL_Connection\train\BSMRDL\dut2.s2p
train,BSMRDL,3,skipped,C:\ffzhzh\SyncFiles\Temp\HFSS_sim\simdata_TSV_RDL_Connection\train\BSMRDL\dut3.s2p
train,BSMRDL,4,skipped,C:\ffzhzh\SyncFiles\Temp\HFSS_sim\simdata_TSV_RDL_Connection\train\BSMRDL\dut4.s2p
train,BSMRDL,5,skipped,C:\ffzhzh\SyncFiles\Temp\HFSS_sim\simdata_TSV_RDL_Connection\train\BSMRDL\dut5.s2p
train,BSMRDL,6,skipped,C:\ffzhzh\SyncFiles\Temp\HFSS_sim\simdata_TSV_RDL_Connection\train\BSMRDL\dut6.s2p
train,BSMRDL,7,skipped,C:\ffzhzh\SyncFiles\Temp\HFSS_sim\simdata_TSV_RDL_Connection\train\BSMRDL\dut7.s2p
train,BSMRDL,8,skipped,C:\ffzhzh\SyncFiles\Temp\HFSS_sim\simdata_TSV_RDL_Connection\train\BSMRDL\dut8.s2p
train,BSMRDL,9,skipped,C:\ffzhzh\SyncFiles\Temp\HFSS_sim\simdata_TSV_RDL_Connection\train\BSMRDL\dut9.s2p
train,BSMRDL,10,skipped,C:\ffzhzh\SyncFiles\Temp\HFSS_sim\simdata_TSV_RDL_Connection\train\BSMRDL\dut10.s2p
train,BSMRDL,11,skipped,C:\ffzhzh\SyncFiles\Temp\HFSS_sim\simdata_TSV_RDL_Connection\train\BSMRDL\dut11.s2p
train,BSMRDL,12,skipped,C:\ffzhzh\SyncFiles\Temp\HFSS_sim\simdata_TSV_RDL_Connection\train\BSMRDL\dut12.s2p
train,BSMRDL,13,skipped,C:\ffzhzh\SyncFiles\Temp\HFSS_sim\simdata_TSV_RDL_Connection\train\BSMRDL\dut13.s2p
train,BSMRDL,14,skipped,C:\ffzhzh\SyncFiles\Temp\HFSS_sim\simdata_TSV_RDL_Connection\train\BSMRDL\dut14.s2p
train,BSMRDL,15,skipped,C:\ffzhzh\SyncFiles\Temp\HFSS_sim\simdata_TSV_RDL_Connection\train\BSMRDL\dut15.s2p
train,BSMRDL,16,skipped,C:\ffzhzh\SyncFiles\Temp\HFSS_sim\simdata_TSV_RDL_Connection\train\BSMRDL\dut16.s2p
train,BSMRDL,17,skipped,C:\ffzhzh\SyncFiles\Temp\HFSS_sim\simdata_TSV_RDL_Connection\train\BSMRDL\dut17.s2p
train,BSMRDL,18,skipped,C:\ffzhzh\SyncFiles\Temp\HFSS_sim\simdata_TSV_RDL_Connection\train\BSMRDL\dut18.s2p
train,BSMRDL,19,skipped,C:\ffzhzh\SyncFiles\Temp\HFSS_sim\simdata_TSV_RDL_Connection\train\BSMRDL\dut19.s2p
train,BSMRDL,20,skipped,C:\ffzhzh\SyncFiles\Temp\HFSS_sim\simdata_TSV_RDL_Connection\train\BSMRDL\dut20.s2p
train,BSMRDL,21,skipped,C:\ffzhzh\SyncFiles\Temp\HFSS_sim\simdata_TSV_RDL_Connection\train\BSMRDL\dut21.s2p
train,BSMRDL,22,skipped,C:\ffzhzh\SyncFiles\Temp\HFSS_sim\simdata_TSV_RDL_Connection\train\BSMRDL\dut22.s2p
train,BSMRDL,23,skipped,C:\ffzhzh\SyncFiles\Temp\HFSS_sim\simdata_TSV_RDL_Connection\train\BSMRDL\dut23.s2p
train,BSMRDL,24,skipped,C:\ffzhzh\SyncFiles\Temp\HFSS_sim\simdata_TSV_RDL_Connection\train\BSMRDL\dut24.s2p
train,BSMRDL,25,skipped,C:\ffzhzh\SyncFiles\Temp\HFSS_sim\simdata_TSV_RDL_Connection\train\BSMRDL\dut25.s2p
train,BSMRDL,26,skipped,C:\ffzhzh\SyncFiles\Temp\HFSS_sim\simdata_TSV_RDL_Connection\train\BSMRDL\dut26.s2p
train,BSMRDL,27,skipped,C:\ffzhzh\SyncFiles\Temp\HFSS_sim\simdata_TSV_RDL_Connection\train\BSMRDL\dut27.s2p
train,BSMRDL,28,skipped,C:\ffzhzh\SyncFiles\Temp\HFSS_sim\simdata_TSV_RDL_Connection\train\BSMRDL\dut28.s2p
train,BSMRDL,29,skipped,C:\ffzhzh\SyncFiles\Temp\HFSS_sim\simdata_TSV_RDL_Connection\train\BSMRDL\dut29.s2p
train,BSMRDL,30,skipped,C:\ffzhzh\SyncFiles\Temp\HFSS_sim\simdata_TSV_RDL_Connection\train\BSMRDL\dut30.s2p
train,BSMRDL,31,skipped,C:\ffzhzh\SyncFiles\Temp\HFSS_sim\simdata_TSV_RDL_Connection\train\BSMRDL\dut31.s2p
train,BSMRDL,32,skipped,C:\ffzhzh\SyncFiles\Temp\HFSS_sim\simdata_TSV_RDL_Connection\train\BSMRDL\dut32.s2p
train,BSMRDL,33,skipped,C:\ffzhzh\SyncFiles\Temp\HFSS_sim\simdata_TSV_RDL_Connection\train\BSMRDL\dut33.s2p
train,BSMRDL,34,skipped,C:\ffzhzh\SyncFiles\Temp\HFSS_sim\simdata_TSV_RDL_Connection\train\BSMRDL\dut34.s2p
train,BSMRDL,35,skipped,C:\ffzhzh\SyncFiles\Temp\HFSS_sim\simdata_TSV_RDL_Connection\train\BSMRDL\dut35.s2p
train,BSMRDL,36,skipped,C:\ffzhzh\SyncFiles\Temp\HFSS_sim\simdata_TSV_RDL_Connection\train\BSMRDL\dut36.s2p
train,BSMRDL,37,skipped,C:\ffzhzh\SyncFiles\Temp\HFSS_sim\simdata_TSV_RDL_Connection\train\BSMRDL\dut37.s2p
train,BSMRDL,38,skipped,C:\ffzhzh\SyncFiles\Temp\HFSS_sim\simdata_TSV_RDL_Connection\train\BSMRDL\dut38.s2p
train,BSMRDL,39,skipped,C:\ffzhzh\SyncFiles\Temp\HFSS_sim\simdata_TSV_RDL_Connection\train\BSMRDL\dut39.s2p
train,BSMRDL,40,skipped,C:\ffzhzh\SyncFiles\Temp\HFSS_sim\simdata_TSV_RDL_Connection\train\BSMRDL\dut40.s2p
train,BSMRDL,41,skipped,C:\ffzhzh\SyncFiles\Temp\HFSS_sim\simdata_TSV_RDL_Connection\train\BSMRDL\dut41.s2p
train,BSMRDL,42,skipped,C:\ffzhzh\SyncFiles\Temp\HFSS_sim\simdata_TSV_RDL_Connection\train\BSMRDL\dut42.s2p
train,BSMRDL,43,skipped,C:\ffzhzh\SyncFiles\Temp\HFSS_sim\simdata_TSV_RDL_Connection\train\BSMRDL\dut43.s2p
train,BSMRDL,44,skipped,C:\ffzhzh\SyncFiles\Temp\HFSS_sim\simdata_TSV_RDL_Connection\train\BSMRDL\dut44.s2p
train,BSMRDL,45,skipped,C:\ffzhzh\SyncFiles\Temp\HFSS_sim\simdata_TSV_RDL_Connection\train\BSMRDL\dut45.s2p
train,BSMRDL,46,skipped,C:\ffzhzh\SyncFiles\Temp\HFSS_sim\simdata_TSV_RDL_Connection\train\BSMRDL\dut46.s2p
train,BSMRDL,47,skipped,C:\ffzhzh\SyncFiles\Temp\HFSS_sim\simdata_TSV_RDL_Connection\train\BSMRDL\dut47.s2p
train,BSMRDL,48,skipped,C:\ffzhzh\SyncFiles\Temp\HFSS_sim\simdata_TSV_RDL_Connection\train\BSMRDL\dut48.s2p
train,BSMRDL,49,skipped,C:\ffzhzh\SyncFiles\Temp\HFSS_sim\simdata_TSV_RDL_Connection\train\BSMRDL\dut49.s2p
train,BSMRDL,50,skipped,C:\ffzhzh\SyncFiles\Temp\HFSS_sim\simdata_TSV_RDL_Connection\train\BSMRDL\dut50.s2p
train,BSMRDL,51,skipped,C:\ffzhzh\SyncFiles\Temp\HFSS_sim\simdata_TSV_RDL_Connection\train\BSMRDL\dut51.s2p
train,BSMRDL,52,skipped,C:\ffzhzh\SyncFiles\Temp\HFSS_sim\simdata_TSV_RDL_Connection\train\BSMRDL\dut52.s2p
train,BSMRDL,53,skipped,C:\ffzhzh\SyncFiles\Temp\HFSS_sim\simdata_TSV_RDL_Connection\train\BSMRDL\dut53.s2p
train,BSMRDL,54,skipped,C:\ffzhzh\SyncFiles\Temp\HFSS_sim\simdata_TSV_RDL_Connection\train\BSMRDL\dut54.s2p
train,BSMRDL,55,skipped,C:\ffzhzh\SyncFiles\Temp\HFSS_sim\simdata_TSV_RDL_Connection\train\BSMRDL\dut55.s2p
train,BSMRDL,56,skipped,C:\ffzhzh\SyncFiles\Temp\HFSS_sim\simdata_TSV_RDL_Connection\train\BSMRDL\dut56.s2p
train,BSMRDL,57,skipped,C:\ffzhzh\SyncFiles\Temp\HFSS_sim\simdata_TSV_RDL_Connection\train\BSMRDL\dut57.s2p
train,BSMRDL,58,skipped,C:\ffzhzh\SyncFiles\Temp\HFSS_sim\simdata_TSV_RDL_Connection\train\BSMRDL\dut58.s2p
train,BSMRDL,59,skipped,C:\ffzhzh\SyncFiles\Temp\HFSS_sim\simdata_TSV_RDL_Connection\train\BSMRDL\dut59.s2p
train,BSMRDL,60,skipped,C:\ffzhzh\SyncFiles\Temp\HFSS_sim\simdata_TSV_RDL_Connection\train\BSMRDL\dut60.s2p
train,BSMRDL,61,skipped,C:\ffzhzh\SyncFiles\Temp\HFSS_sim\simdata_TSV_RDL_Connection\train\BSMRDL\dut61.s2p
train,BSMRDL,62,skipped,C:\ffzhzh\SyncFiles\Temp\HFSS_sim\simdata_TSV_RDL_Connection\train\BSMRDL\dut62.s2p
train,BSMRDL,63,skipped,C:\ffzhzh\SyncFiles\Temp\HFSS_sim\simdata_TSV_RDL_Connection\train\BSMRDL\dut63.s2p
train,BSMRDL,64,skipped,C:\ffzhzh\SyncFiles\Temp\HFSS_sim\simdata_TSV_RDL_Connection\train\BSMRDL\dut64.s2p
train,BSMRDL,65,skipped,C:\ffzhzh\SyncFiles\Temp\HFSS_sim\simdata_TSV_RDL_Connection\train\BSMRDL\dut65.s2p
train,BSMRDL,66,skipped,C:\ffzhzh\SyncFiles\Temp\HFSS_sim\simdata_TSV_RDL_Connection\train\BSMRDL\dut66.s2p
train,BSMRDL,67,skipped,C:\ffzhzh\SyncFiles\Temp\HFSS_sim\simdata_TSV_RDL_Connection\train\BSMRDL\dut67.s2p
train,BSMRDL,68,skipped,C:\ffzhzh\SyncFiles\Temp\HFSS_sim\simdata_TSV_RDL_Connection\train\BSMRDL\dut68.s2p
train,BSMRDL,69,skipped,C:\ffzhzh\SyncFiles\Temp\HFSS_sim\simdata_TSV_RDL_Connection\train\BSMRDL\dut69.s2p
train,BSMRDL,70,skipped,C:\ffzhzh\SyncFiles\Temp\HFSS_sim\simdata_TSV_RDL_Connection\train\BSMRDL\dut70.s2p
train,BSMRDL,71,skipped,C:\ffzhzh\SyncFiles\Temp\HFSS_sim\simdata_TSV_RDL_Connection\train\BSMRDL\dut71.s2p
train,BSMRDL,72,skipped,C:\ffzhzh\SyncFiles\Temp\HFSS_sim\simdata_TSV_RDL_Connection\train\BSMRDL\dut72.s2p
train,BSMRDL,73,skipped,C:\ffzhzh\SyncFiles\Temp\HFSS_sim\simdata_TSV_RDL_Connection\train\BSMRDL\dut73.s2p
train,BSMRDL,74,skipped,C:\ffzhzh\SyncFiles\Temp\HFSS_sim\simdata_TSV_RDL_Connection\train\BSMRDL\dut74.s2p
train,BSMRDL,75,skipped,C:\ffzhzh\SyncFiles\Temp\HFSS_sim\simdata_TSV_RDL_Connection\train\BSMRDL\dut75.s2p
train,BSMRDL,76,skipped,C:\ffzhzh\SyncFiles\Temp\HFSS_sim\simdata_TSV_RDL_Connection\train\BSMRDL\dut76.s2p
train,BSMRDL,77,skipped,C:\ffzhzh\SyncFiles\Temp\HFSS_sim\simdata_TSV_RDL_Connection\train\BSMRDL\dut77.s2p
train,BSMRDL,78,skipped,C:\ffzhzh\SyncFiles\Temp\HFSS_sim\simdata_TSV_RDL_Connection\train\BSMRDL\dut78.s2p
train,BSMRDL,79,skipped,C:\ffzhzh\SyncFiles\Temp\HFSS_sim\simdata_TSV_RDL_Connection\train\BSMRDL\dut79.s2p
train,BSMRDL,80,skipped,C:\ffzhzh\SyncFiles\Temp\HFSS_sim\simdata_TSV_RDL_Connection\train\BSMRDL\dut80.s2p
train,BSMRDL,81,skipped,C:\ffzhzh\SyncFiles\Temp\HFSS_sim\simdata_TSV_RDL_Connection\train\BSMRDL\dut81.s2p
train,BSMRDL,82,skipped,C:\ffzhzh\SyncFiles\Temp\HFSS_sim\simdata_TSV_RDL_Connection\train\BSMRDL\dut82.s2p
train,BSMRDL,83,skipped,C:\ffzhzh\SyncFiles\Temp\HFSS_sim\simdata_TSV_RDL_Connection\train\BSMRDL\dut83.s2p
train,BSMRDL,84,skipped,C:\ffzhzh\SyncFiles\Temp\HFSS_sim\simdata_TSV_RDL_Connection\train\BSMRDL\dut84.s2p
train,BSMRDL,85,skipped,C:\ffzhzh\SyncFiles\Temp\HFSS_sim\simdata_TSV_RDL_Connection\train\BSMRDL\dut85.s2p
train,BSMRDL,86,skipped,C:\ffzhzh\SyncFiles\Temp\HFSS_sim\simdata_TSV_RDL_Connection\train\BSMRDL\dut86.s2p
train,BSMRDL,87,skipped,C:\ffzhzh\SyncFiles\Temp\HFSS_sim\simdata_TSV_RDL_Connection\train\BSMRDL\dut87.s2p
train,BSMRDL,88,skipped,C:\ffzhzh\SyncFiles\Temp\HFSS_sim\simdata_TSV_RDL_Connection\train\BSMRDL\dut88.s2p
train,BSMRDL,89,skipped,C:\ffzhzh\SyncFiles\Temp\HFSS_sim\simdata_TSV_RDL_Connection\train\BSMRDL\dut89.s2p
train,BSMRDL,90,skipped,C:\ffzhzh\SyncFiles\Temp\HFSS_sim\simdata_TSV_RDL_Connection\train\BSMRDL\dut90.s2p
train,BSMRDL,91,skipped,C:\ffzhzh\SyncFiles\Temp\HFSS_sim\simdata_TSV_RDL_Connection\train\BSMRDL\dut91.s2p
train,BSMRDL,92,skipped,C:\ffzhzh\SyncFiles\Temp\HFSS_sim\simdata_TSV_RDL_Connection\train\BSMRDL\dut92.s2p
train,BSMRDL,93,skipped,C:\ffzhzh\SyncFiles\Temp\HFSS_sim\simdata_TSV_RDL_Connection\train\BSMRDL\dut93.s2p
train,BSMRDL,94,skipped,C:\ffzhzh\SyncFiles\Temp\HFSS_sim\simdata_TSV_RDL_Connection\train\BSMRDL\dut94.s2p
train,BSMRDL,95,skipped,C:\ffzhzh\SyncFiles\Temp\HFSS_sim\simdata_TSV_RDL_Connection\train\BSMRDL\dut95.s2p
train,BSMRDL,96,skipped,C:\ffzhzh\SyncFiles\Temp\HFSS_sim\simdata_TSV_RDL_Connection\train\BSMRDL\dut96.s2p
train,BSMRDL,97,skipped,C:\ffzhzh\SyncFiles\Temp\HFSS_sim\simdata_TSV_RDL_Connection\train\BSMRDL\dut97.s2p
train,BSMRDL,98,skipped,C:\ffzhzh\SyncFiles\Temp\HFSS_sim\simdata_TSV_RDL_Connection\train\BSMRDL\dut98.s2p
train,BSMRDL,99,skipped,C:\ffzhzh\SyncFiles\Temp\HFSS_sim\simdata_TSV_RDL_Connection\train\BSMRDL\dut99.s2p
train,TSV,0,completed,C:\ffzhzh\SyncFiles\Temp\HFSS_sim\simdata_TSV_RDL_Connection\train\TSV\dut0.s2p
train,TSV,1,completed,C:\ffzhzh\SyncFiles\Temp\HFSS_sim\simdata_TSV_RDL_Connection\train\TSV\dut1.s2p
train,TSV,2,completed,C:\ffzhzh\SyncFiles\Temp\HFSS_sim\simdata_TSV_RDL_Connection\train\TSV\dut2.s2p
train,TSV,3,completed,C:\ffzhzh\SyncFiles\Temp\HFSS_sim\simdata_TSV_RDL_Connection\train\TSV\dut3.s2p
train,TSV,4,completed,C:\ffzhzh\SyncFiles\Temp\HFSS_sim\simdata_TSV_RDL_Connection\train\TSV\dut4.s2p
train,TSV,5,completed,C:\ffzhzh\SyncFiles\Temp\HFSS_sim\simdata_TSV_RDL_Connection\train\TSV\dut5.s2p
train,TSV,6,completed,C:\ffzhzh\SyncFiles\Temp\HFSS_sim\simdata_TSV_RDL_Connection\train\TSV\dut6.s2p
train,TSV,7,completed,C:\ffzhzh\SyncFiles\Temp\HFSS_sim\simdata_TSV_RDL_Connection\train\TSV\dut7.s2p
train,TSV,8,completed,C:\ffzhzh\SyncFiles\Temp\HFSS_sim\simdata_TSV_RDL_Connection\train\TSV\dut8.s2p
train,TSV,9,completed,C:\ffzhzh\SyncFiles\Temp\HFSS_sim\simdata_TSV_RDL_Connection\train\TSV\dut9.s2p
train,TSV,10,completed,C:\ffzhzh\SyncFiles\Temp\HFSS_sim\simdata_TSV_RDL_Connection\train\TSV\dut10.s2p
train,TSV,11,completed,C:\ffzhzh\SyncFiles\Temp\HFSS_sim\simdata_TSV_RDL_Connection\train\TSV\dut11.s2p
train,TSV,12,completed,C:\ffzhzh\SyncFiles\Temp\HFSS_sim\simdata_TSV_RDL_Connection\train\TSV\dut12.s2p
train,TSV,13,completed,C:\ffzhzh\SyncFiles\Temp\HFSS_sim\simdata_TSV_RDL_Connection\train\TSV\dut13.s2p
train,TSV,14,completed,C:\ffzhzh\SyncFiles\Temp\HFSS_sim\simdata_TSV_RDL_Connection\train\TSV\dut14.s2p
train,TSV,15,completed,C:\ffzhzh\SyncFiles\Temp\HFSS_sim\simdata_TSV_RDL_Connection\train\TSV\dut15.s2p
train,TSV,16,completed,C:\ffzhzh\SyncFiles\Temp\HFSS_sim\simdata_TSV_RDL_Connection\train\TSV\dut16.s2p
train,TSV,17,completed,C:\ffzhzh\SyncFiles\Temp\HFSS_sim\simdata_TSV_RDL_Connection\train\TSV\dut17.s2p
train,TSV,18,completed,C:\ffzhzh\SyncFiles\Temp\HFSS_sim\simdata_TSV_RDL_Connection\train\TSV\dut18.s2p
train,TSV,19,completed,C:\ffzhzh\SyncFiles\Temp\HFSS_sim\simdata_TSV_RDL_Connection\train\TSV\dut19.s2p
train,TSV,20,completed,C:\ffzhzh\SyncFiles\Temp\HFSS_sim\simdata_TSV_RDL_Connection\train\TSV\dut20.s2p
train,TSV,21,completed,C:\ffzhzh\SyncFiles\Temp\HFSS_sim\simdata_TSV_RDL_Connection\train\TSV\dut21.s2p
train,TSV,22,completed,C:\ffzhzh\SyncFiles\Temp\HFSS_sim\simdata_TSV_RDL_Connection\train\TSV\dut22.s2p
train,TSV,23,completed,C:\ffzhzh\SyncFiles\Temp\HFSS_sim\simdata_TSV_RDL_Connection\train\TSV\dut23.s2p
train,TSV,24,completed,C:\ffzhzh\SyncFiles\Temp\HFSS_sim\simdata_TSV_RDL_Connection\train\TSV\dut24.s2p
train,TSV,25,completed,C:\ffzhzh\SyncFiles\Temp\HFSS_sim\simdata_TSV_RDL_Connection\train\TSV\dut25.s2p
train,TSV,26,completed,C:\ffzhzh\SyncFiles\Temp\HFSS_sim\simdata_TSV_RDL_Connection\train\TSV\dut26.s2p
train,TSV,27,completed,C:\ffzhzh\SyncFiles\Temp\HFSS_sim\simdata_TSV_RDL_Connection\train\TSV\dut27.s2p
train,TSV,28,completed,C:\ffzhzh\SyncFiles\Temp\HFSS_sim\simdata_TSV_RDL_Connection\train\TSV\dut28.s2p
train,TSV,29,completed,C:\ffzhzh\SyncFiles\Temp\HFSS_sim\simdata_TSV_RDL_Connection\train\TSV\dut29.s2p
train,TSV,30,completed,C:\ffzhzh\SyncFiles\Temp\HFSS_sim\simdata_TSV_RDL_Connection\train\TSV\dut30.s2p
train,TSV,31,completed,C:\ffzhzh\SyncFiles\Temp\HFSS_sim\simdata_TSV_RDL_Connection\train\TSV\dut31.s2p
train,TSV,32,completed,C:\ffzhzh\SyncFiles\Temp\HFSS_sim\simdata_TSV_RDL_Connection\train\TSV\dut32.s2p
train,TSV,33,completed,C:\ffzhzh\SyncFiles\Temp\HFSS_sim\simdata_TSV_RDL_Connection\train\TSV\dut33.s2p
train,TSV,34,completed,C:\ffzhzh\SyncFiles\Temp\HFSS_sim\simdata_TSV_RDL_Connection\train\TSV\dut34.s2p
train,TSV,35,completed,C:\ffzhzh\SyncFiles\Temp\HFSS_sim\simdata_TSV_RDL_Connection\train\TSV\dut35.s2p
train,TSV,36,completed,C:\ffzhzh\SyncFiles\Temp\HFSS_sim\simdata_TSV_RDL_Connection\train\TSV\dut36.s2p
train,TSV,37,completed,C:\ffzhzh\SyncFiles\Temp\HFSS_sim\simdata_TSV_RDL_Connection\train\TSV\dut37.s2p
train,TSV,38,completed,C:\ffzhzh\SyncFiles\Temp\HFSS_sim\simdata_TSV_RDL_Connection\train\TSV\dut38.s2p
train,TSV,39,completed,C:\ffzhzh\SyncFiles\Temp\HFSS_sim\simdata_TSV_RDL_Connection\train\TSV\dut39.s2p
train,TSV,40,completed,C:\ffzhzh\SyncFiles\Temp\HFSS_sim\simdata_TSV_RDL_Connection\train\TSV\dut40.s2p
train,TSV,41,completed,C:\ffzhzh\SyncFiles\Temp\HFSS_sim\simdata_TSV_RDL_Connection\train\TSV\dut41.s2p
train,TSV,42,completed,C:\ffzhzh\SyncFiles\Temp\HFSS_sim\simdata_TSV_RDL_Connection\train\TSV\dut42.s2p
train,TSV,43,completed,C:\ffzhzh\SyncFiles\Temp\HFSS_sim\simdata_TSV_RDL_Connection\train\TSV\dut43.s2p
train,TSV,44,completed,C:\ffzhzh\SyncFiles\Temp\HFSS_sim\simdata_TSV_RDL_Connection\train\TSV\dut44.s2p
train,TSV,45,completed,C:\ffzhzh\SyncFiles\Temp\HFSS_sim\simdata_TSV_RDL_Connection\train\TSV\dut45.s2p
train,TSV,46,completed,C:\ffzhzh\SyncFiles\Temp\HFSS_sim\simdata_TSV_RDL_Connection\train\TSV\dut46.s2p
train,TSV,47,completed,C:\ffzhzh\SyncFiles\Temp\HFSS_sim\simdata_TSV_RDL_Connection\train\TSV\dut47.s2p
train,TSV,48,completed,C:\ffzhzh\SyncFiles\Temp\HFSS_sim\simdata_TSV_RDL_Connection\train\TSV\dut48.s2p
train,TSV,49,completed,C:\ffzhzh\SyncFiles\Temp\HFSS_sim\simdata_TSV_RDL_Connection\train\TSV\dut49.s2p
train,TSV,50,completed,C:\ffzhzh\SyncFiles\Temp\HFSS_sim\simdata_TSV_RDL_Connection\train\TSV\dut50.s2p
train,TSV,51,completed,C:\ffzhzh\SyncFiles\Temp\HFSS_sim\simdata_TSV_RDL_Connection\train\TSV\dut51.s2p
train,TSV,52,completed,C:\ffzhzh\SyncFiles\Temp\HFSS_sim\simdata_TSV_RDL_Connection\train\TSV\dut52.s2p
train,TSV,53,completed,C:\ffzhzh\SyncFiles\Temp\HFSS_sim\simdata_TSV_RDL_Connection\train\TSV\dut53.s2p
train,TSV,54,completed,C:\ffzhzh\SyncFiles\Temp\HFSS_sim\simdata_TSV_RDL_Connection\train\TSV\dut54.s2p
train,TSV,55,completed,C:\ffzhzh\SyncFiles\Temp\HFSS_sim\simdata_TSV_RDL_Connection\train\TSV\dut55.s2p
train,TSV,56,completed,C:\ffzhzh\SyncFiles\Temp\HFSS_sim\simdata_TSV_RDL_Connection\train\TSV\dut56.s2p
train,TSV,57,completed,C:\ffzhzh\SyncFiles\Temp\HFSS_sim\simdata_TSV_RDL_Connection\train\TSV\dut57.s2p
train,TSV,58,completed,C:\ffzhzh\SyncFiles\Temp\HFSS_sim\simdata_TSV_RDL_Connection\train\TSV\dut58.s2p
train,TSV,59,completed,C:\ffzhzh\SyncFiles\Temp\HFSS_sim\simdata_TSV_RDL_Connection\train\TSV\dut59.s2p
train,TSV,60,completed,C:\ffzhzh\SyncFiles\Temp\HFSS_sim\simdata_TSV_RDL_Connection\train\TSV\dut60.s2p
train,TSV,61,completed,C:\ffzhzh\SyncFiles\Temp\HFSS_sim\simdata_TSV_RDL_Connection\train\TSV\dut61.s2p
train,TSV,62,completed,C:\ffzhzh\SyncFiles\Temp\HFSS_sim\simdata_TSV_RDL_Connection\train\TSV\dut62.s2p
train,TSV,63,completed,C:\ffzhzh\SyncFiles\Temp\HFSS_sim\simdata_TSV_RDL_Connection\train\TSV\dut63.s2p
train,TSV,64,completed,C:\ffzhzh\SyncFiles\Temp\HFSS_sim\simdata_TSV_RDL_Connection\train\TSV\dut64.s2p
train,TSV,65,completed,C:\ffzhzh\SyncFiles\Temp\HFSS_sim\simdata_TSV_RDL_Connection\train\TSV\dut65.s2p
train,TSV,66,completed,C:\ffzhzh\SyncFiles\Temp\HFSS_sim\simdata_TSV_RDL_Connection\train\TSV\dut66.s2p
train,TSV,67,completed,C:\ffzhzh\SyncFiles\Temp\HFSS_sim\simdata_TSV_RDL_Connection\train\TSV\dut67.s2p
train,TSV,68,completed,C:\ffzhzh\SyncFiles\Temp\HFSS_sim\simdata_TSV_RDL_Connection\train\TSV\dut68.s2p
train,TSV,69,completed,C:\ffzhzh\SyncFiles\Temp\HFSS_sim\simdata_TSV_RDL_Connection\train\TSV\dut69.s2p
train,TSV,70,completed,C:\ffzhzh\SyncFiles\Temp\HFSS_sim\simdata_TSV_RDL_Connection\train\TSV\dut70.s2p
train,TSV,71,completed,C:\ffzhzh\SyncFiles\Temp\HFSS_sim\simdata_TSV_RDL_Connection\train\TSV\dut71.s2p
train,TSV,72,completed,C:\ffzhzh\SyncFiles\Temp\HFSS_sim\simdata_TSV_RDL_Connection\train\TSV\dut72.s2p
train,TSV,73,completed,C:\ffzhzh\SyncFiles\Temp\HFSS_sim\simdata_TSV_RDL_Connection\train\TSV\dut73.s2p
train,TSV,74,completed,C:\ffzhzh\SyncFiles\Temp\HFSS_sim\simdata_TSV_RDL_Connection\train\TSV\dut74.s2p
train,TSV,75,completed,C:\ffzhzh\SyncFiles\Temp\HFSS_sim\simdata_TSV_RDL_Connection\train\TSV\dut75.s2p
train,TSV,76,completed,C:\ffzhzh\SyncFiles\Temp\HFSS_sim\simdata_TSV_RDL_Connection\train\TSV\dut76.s2p
train,TSV,77,completed,C:\ffzhzh\SyncFiles\Temp\HFSS_sim\simdata_TSV_RDL_Connection\train\TSV\dut77.s2p
train,TSV,78,completed,C:\ffzhzh\SyncFiles\Temp\HFSS_sim\simdata_TSV_RDL_Connection\train\TSV\dut78.s2p
train,TSV,79,completed,C:\ffzhzh\SyncFiles\Temp\HFSS_sim\simdata_TSV_RDL_Connection\train\TSV\dut79.s2p
train,TSV,80,completed,C:\ffzhzh\SyncFiles\Temp\HFSS_sim\simdata_TSV_RDL_Connection\train\TSV\dut80.s2p
train,TSV,81,completed,C:\ffzhzh\SyncFiles\Temp\HFSS_sim\simdata_TSV_RDL_Connection\train\TSV\dut81.s2p
train,TSV,82,completed,C:\ffzhzh\SyncFiles\Temp\HFSS_sim\simdata_TSV_RDL_Connection\train\TSV\dut82.s2p
train,TSV,83,completed,C:\ffzhzh\SyncFiles\Temp\HFSS_sim\simdata_TSV_RDL_Connection\train\TSV\dut83.s2p
train,TSV,84,completed,C:\ffzhzh\SyncFiles\Temp\HFSS_sim\simdata_TSV_RDL_Connection\train\TSV\dut84.s2p
train,TSV,85,completed,C:\ffzhzh\SyncFiles\Temp\HFSS_sim\simdata_TSV_RDL_Connection\train\TSV\dut85.s2p
train,TSV,86,completed,C:\ffzhzh\SyncFiles\Temp\HFSS_sim\simdata_TSV_RDL_Connection\train\TSV\dut86.s2p
train,TSV,87,completed,C:\ffzhzh\SyncFiles\Temp\HFSS_sim\simdata_TSV_RDL_Connection\train\TSV\dut87.s2p
train,TSV,88,completed,C:\ffzhzh\SyncFiles\Temp\HFSS_sim\simdata_TSV_RDL_Connection\train\TSV\dut88.s2p
train,TSV,89,completed,C:\ffzhzh\SyncFiles\Temp\HFSS_sim\simdata_TSV_RDL_Connection\train\TSV\dut89.s2p
train,TSV,90,completed,C:\ffzhzh\SyncFiles\Temp\HFSS_sim\simdata_TSV_RDL_Connection\train\TSV\dut90.s2p
train,TSV,91,completed,C:\ffzhzh\SyncFiles\Temp\HFSS_sim\simdata_TSV_RDL_Connection\train\TSV\dut91.s2p
train,TSV,92,completed,C:\ffzhzh\SyncFiles\Temp\HFSS_sim\simdata_TSV_RDL_Connection\train\TSV\dut92.s2p
train,TSV,93,completed,C:\ffzhzh\SyncFiles\Temp\HFSS_sim\simdata_TSV_RDL_Connection\train\TSV\dut93.s2p
train,TSV,94,completed,C:\ffzhzh\SyncFiles\Temp\HFSS_sim\simdata_TSV_RDL_Connection\train\TSV\dut94.s2p
train,TSV,95,completed,C:\ffzhzh\SyncFiles\Temp\HFSS_sim\simdata_TSV_RDL_Connection\train\TSV\dut95.s2p
train,TSV,96,completed,C:\ffzhzh\SyncFiles\Temp\HFSS_sim\simdata_TSV_RDL_Connection\train\TSV\dut96.s2p
train,TSV,97,completed,C:\ffzhzh\SyncFiles\Temp\HFSS_sim\simdata_TSV_RDL_Connection\train\TSV\dut97.s2p
train,TSV,98,completed,C:\ffzhzh\SyncFiles\Temp\HFSS_sim\simdata_TSV_RDL_Connection\train\TSV\dut98.s2p
train,TSV,99,completed,C:\ffzhzh\SyncFiles\Temp\HFSS_sim\simdata_TSV_RDL_Connection\train\TSV\dut99.s2p
train,TSV_RDL,0,completed,C:\ffzhzh\SyncFiles\Temp\HFSS_sim\simdata_TSV_RDL_Connection\train\TSV_RDL\dut0.s2p
train,TSV_RDL,1,completed,C:\ffzhzh\SyncFiles\Temp\HFSS_sim\simdata_TSV_RDL_Connection\train\TSV_RDL\dut1.s2p
train,TSV_RDL,2,completed,C:\ffzhzh\SyncFiles\Temp\HFSS_sim\simdata_TSV_RDL_Connection\train\TSV_RDL\dut2.s2p
train,TSV_RDL,3,completed,C:\ffzhzh\SyncFiles\Temp\HFSS_sim\simdata_TSV_RDL_Connection\train\TSV_RDL\dut3.s2p
train,TSV_RDL,4,completed,C:\ffzhzh\SyncFiles\Temp\HFSS_sim\simdata_TSV_RDL_Connection\train\TSV_RDL\dut4.s2p
train,TSV_RDL,5,completed,C:\ffzhzh\SyncFiles\Temp\HFSS_sim\simdata_TSV_RDL_Connection\train\TSV_RDL\dut5.s2p
train,TSV_RDL,6,completed,C:\ffzhzh\SyncFiles\Temp\HFSS_sim\simdata_TSV_RDL_Connection\train\TSV_RDL\dut6.s2p
train,TSV_RDL,7,completed,C:\ffzhzh\SyncFiles\Temp\HFSS_sim\simdata_TSV_RDL_Connection\train\TSV_RDL\dut7.s2p
train,TSV_RDL,8,completed,C:\ffzhzh\SyncFiles\Temp\HFSS_sim\simdata_TSV_RDL_Connection\train\TSV_RDL\dut8.s2p
train,TSV_RDL,9,completed,C:\ffzhzh\SyncFiles\Temp\HFSS_sim\simdata_TSV_RDL_Connection\train\TSV_RDL\dut9.s2p
train,TSV_RDL,10,completed,C:\ffzhzh\SyncFiles\Temp\HFSS_sim\simdata_TSV_RDL_Connection\train\TSV_RDL\dut10.s2p
train,TSV_RDL,11,completed,C:\ffzhzh\SyncFiles\Temp\HFSS_sim\simdata_TSV_RDL_Connection\train\TSV_RDL\dut11.s2p
train,TSV_RDL,12,completed,C:\ffzhzh\SyncFiles\Temp\HFSS_sim\simdata_TSV_RDL_Connection\train\TSV_RDL\dut12.s2p
train,TSV_RDL,13,completed,C:\ffzhzh\SyncFiles\Temp\HFSS_sim\simdata_TSV_RDL_Connection\train\TSV_RDL\dut13.s2p
train,TSV_RDL,14,completed,C:\ffzhzh\SyncFiles\Temp\HFSS_sim\simdata_TSV_RDL_Connection\train\TSV_RDL\dut14.s2p
train,TSV_RDL,15,completed,C:\ffzhzh\SyncFiles\Temp\HFSS_sim\simdata_TSV_RDL_Connection\train\TSV_RDL\dut15.s2p
train,TSV_RDL,16,completed,C:\ffzhzh\SyncFiles\Temp\HFSS_sim\simdata_TSV_RDL_Connection\train\TSV_RDL\dut16.s2p
train,TSV_RDL,17,completed,C:\ffzhzh\SyncFiles\Temp\HFSS_sim\simdata_TSV_RDL_Connection\train\TSV_RDL\dut17.s2p
train,TSV_RDL,18,completed,C:\ffzhzh\SyncFiles\Temp\HFSS_sim\simdata_TSV_RDL_Connection\train\TSV_RDL\dut18.s2p
train,TSV_RDL,19,completed,C:\ffzhzh\SyncFiles\Temp\HFSS_sim\simdata_TSV_RDL_Connection\train\TSV_RDL\dut19.s2p
train,TSV_RDL,20,completed,C:\ffzhzh\SyncFiles\Temp\HFSS_sim\simdata_TSV_RDL_Connection\train\TSV_RDL\dut20.s2p
train,TSV_RDL,21,completed,C:\ffzhzh\SyncFiles\Temp\HFSS_sim\simdata_TSV_RDL_Connection\train\TSV_RDL\dut21.s2p
train,TSV_RDL,22,completed,C:\ffzhzh\SyncFiles\Temp\HFSS_sim\simdata_TSV_RDL_Connection\train\TSV_RDL\dut22.s2p
train,TSV_RDL,23,completed,C:\ffzhzh\SyncFiles\Temp\HFSS_sim\simdata_TSV_RDL_Connection\train\TSV_RDL\dut23.s2p
train,TSV_RDL,24,completed,C:\ffzhzh\SyncFiles\Temp\HFSS_sim\simdata_TSV_RDL_Connection\train\TSV_RDL\dut24.s2p
train,TSV_RDL,25,completed,C:\ffzhzh\SyncFiles\Temp\HFSS_sim\simdata_TSV_RDL_Connection\train\TSV_RDL\dut25.s2p
train,TSV_RDL,26,completed,C:\ffzhzh\SyncFiles\Temp\HFSS_sim\simdata_TSV_RDL_Connection\train\TSV_RDL\dut26.s2p
train,TSV_RDL,27,completed,C:\ffzhzh\SyncFiles\Temp\HFSS_sim\simdata_TSV_RDL_Connection\train\TSV_RDL\dut27.s2p
train,TSV_RDL,28,completed,C:\ffzhzh\SyncFiles\Temp\HFSS_sim\simdata_TSV_RDL_Connection\train\TSV_RDL\dut28.s2p
train,TSV_RDL,29,completed,C:\ffzhzh\SyncFiles\Temp\HFSS_sim\simdata_TSV_RDL_Connection\train\TSV_RDL\dut29.s2p
train,TSV_RDL,30,completed,C:\ffzhzh\SyncFiles\Temp\HFSS_sim\simdata_TSV_RDL_Connection\train\TSV_RDL\dut30.s2p
train,TSV_RDL,31,completed,C:\ffzhzh\SyncFiles\Temp\HFSS_sim\simdata_TSV_RDL_Connection\train\TSV_RDL\dut31.s2p
train,TSV_RDL,32,completed,C:\ffzhzh\SyncFiles\Temp\HFSS_sim\simdata_TSV_RDL_Connection\train\TSV_RDL\dut32.s2p
train,TSV_RDL,33,completed,C:\ffzhzh\SyncFiles\Temp\HFSS_sim\simdata_TSV_RDL_Connection\train\TSV_RDL\dut33.s2p
train,TSV_RDL,34,completed,C:\ffzhzh\SyncFiles\Temp\HFSS_sim\simdata_TSV_RDL_Connection\train\TSV_RDL\dut34.s2p
train,TSV_RDL,35,completed,C:\ffzhzh\SyncFiles\Temp\HFSS_sim\simdata_TSV_RDL_Connection\train\TSV_RDL\dut35.s2p
train,TSV_RDL,36,completed,C:\ffzhzh\SyncFiles\Temp\HFSS_sim\simdata_TSV_RDL_Connection\train\TSV_RDL\dut36.s2p
train,TSV_RDL,37,completed,C:\ffzhzh\SyncFiles\Temp\HFSS_sim\simdata_TSV_RDL_Connection\train\TSV_RDL\dut37.s2p
train,TSV_RDL,38,completed,C:\ffzhzh\SyncFiles\Temp\HFSS_sim\simdata_TSV_RDL_Connection\train\TSV_RDL\dut38.s2p
train,TSV_RDL,39,completed,C:\ffzhzh\SyncFiles\Temp\HFSS_sim\simdata_TSV_RDL_Connection\train\TSV_RDL\dut39.s2p
train,TSV_RDL,40,completed,C:\ffzhzh\SyncFiles\Temp\HFSS_sim\simdata_TSV_RDL_Connection\train\TSV_RDL\dut40.s2p
train,TSV_RDL,41,completed,C:\ffzhzh\SyncFiles\Temp\HFSS_sim\simdata_TSV_RDL_Connection\train\TSV_RDL\dut41.s2p
train,TSV_RDL,42,completed,C:\ffzhzh\SyncFiles\Temp\HFSS_sim\simdata_TSV_RDL_Connection\train\TSV_RDL\dut42.s2p
train,TSV_RDL,43,completed,C:\ffzhzh\SyncFiles\Temp\HFSS_sim\simdata_TSV_RDL_Connection\train\TSV_RDL\dut43.s2p
train,TSV_RDL,44,completed,C:\ffzhzh\SyncFiles\Temp\HFSS_sim\simdata_TSV_RDL_Connection\train\TSV_RDL\dut44.s2p
train,TSV_RDL,45,completed,C:\ffzhzh\SyncFiles\Temp\HFSS_sim\simdata_TSV_RDL_Connection\train\TSV_RDL\dut45.s2p
train,TSV_RDL,46,completed,C:\ffzhzh\SyncFiles\Temp\HFSS_sim\simdata_TSV_RDL_Connection\train\TSV_RDL\dut46.s2p
train,TSV_RDL,47,completed,C:\ffzhzh\SyncFiles\Temp\HFSS_sim\simdata_TSV_RDL_Connection\train\TSV_RDL\dut47.s2p
train,TSV_RDL,48,completed,C:\ffzhzh\SyncFiles\Temp\HFSS_sim\simdata_TSV_RDL_Connection\train\TSV_RDL\dut48.s2p
train,TSV_RDL,49,completed,C:\ffzhzh\SyncFiles\Temp\HFSS_sim\simdata_TSV_RDL_Connection\train\TSV_RDL\dut49.s2p
train,TSV_RDL,50,completed,C:\ffzhzh\SyncFiles\Temp\HFSS_sim\simdata_TSV_RDL_Connection\train\TSV_RDL\dut50.s2p
train,TSV_RDL,51,completed,C:\ffzhzh\SyncFiles\Temp\HFSS_sim\simdata_TSV_RDL_Connection\train\TSV_RDL\dut51.s2p
train,TSV_RDL,52,completed,C:\ffzhzh\SyncFiles\Temp\HFSS_sim\simdata_TSV_RDL_Connection\train\TSV_RDL\dut52.s2p
train,TSV_RDL,53,completed,C:\ffzhzh\SyncFiles\Temp\HFSS_sim\simdata_TSV_RDL_Connection\train\TSV_RDL\dut53.s2p
train,TSV_RDL,54,completed,C:\ffzhzh\SyncFiles\Temp\HFSS_sim\simdata_TSV_RDL_Connection\train\TSV_RDL\dut54.s2p
train,TSV_RDL,55,completed,C:\ffzhzh\SyncFiles\Temp\HFSS_sim\simdata_TSV_RDL_Connection\train\TSV_RDL\dut55.s2p
train,TSV_RDL,56,completed,C:\ffzhzh\SyncFiles\Temp\HFSS_sim\simdata_TSV_RDL_Connection\train\TSV_RDL\dut56.s2p
train,TSV_RDL,57,completed,C:\ffzhzh\SyncFiles\Temp\HFSS_sim\simdata_TSV_RDL_Connection\train\TSV_RDL\dut57.s2p
train,TSV_RDL,58,completed,C:\ffzhzh\SyncFiles\Temp\HFSS_sim\simdata_TSV_RDL_Connection\train\TSV_RDL\dut58.s2p
train,TSV_RDL,59,completed,C:\ffzhzh\SyncFiles\Temp\HFSS_sim\simdata_TSV_RDL_Connection\train\TSV_RDL\dut59.s2p
train,TSV_RDL,60,completed,C:\ffzhzh\SyncFiles\Temp\HFSS_sim\simdata_TSV_RDL_Connection\train\TSV_RDL\dut60.s2p
train,TSV_RDL,61,completed,C:\ffzhzh\SyncFiles\Temp\HFSS_sim\simdata_TSV_RDL_Connection\train\TSV_RDL\dut61.s2p
train,TSV_RDL,62,completed,C:\ffzhzh\SyncFiles\Temp\HFSS_sim\simdata_TSV_RDL_Connection\train\TSV_RDL\dut62.s2p
train,TSV_RDL,63,completed,C:\ffzhzh\SyncFiles\Temp\HFSS_sim\simdata_TSV_RDL_Connection\train\TSV_RDL\dut63.s2p
train,TSV_RDL,64,completed,C:\ffzhzh\SyncFiles\Temp\HFSS_sim\simdata_TSV_RDL_Connection\train\TSV_RDL\dut64.s2p
train,TSV_RDL,65,completed,C:\ffzhzh\SyncFiles\Temp\HFSS_sim\simdata_TSV_RDL_Connection\train\TSV_RDL\dut65.s2p
train,TSV_RDL,66,completed,C:\ffzhzh\SyncFiles\Temp\HFSS_sim\simdata_TSV_RDL_Connection\train\TSV_RDL\dut66.s2p
train,TSV_RDL,67,completed,C:\ffzhzh\SyncFiles\Temp\HFSS_sim\simdata_TSV_RDL_Connection\train\TSV_RDL\dut67.s2p
train,TSV_RDL,68,completed,C:\ffzhzh\SyncFiles\Temp\HFSS_sim\simdata_TSV_RDL_Connection\train\TSV_RDL\dut68.s2p
train,TSV_RDL,69,completed,C:\ffzhzh\SyncFiles\Temp\HFSS_sim\simdata_TSV_RDL_Connection\train\TSV_RDL\dut69.s2p
train,TSV_RDL,70,completed,C:\ffzhzh\SyncFiles\Temp\HFSS_sim\simdata_TSV_RDL_Connection\train\TSV_RDL\dut70.s2p
train,TSV_RDL,71,completed,C:\ffzhzh\SyncFiles\Temp\HFSS_sim\simdata_TSV_RDL_Connection\train\TSV_RDL\dut71.s2p
train,TSV_RDL,72,completed,C:\ffzhzh\SyncFiles\Temp\HFSS_sim\simdata_TSV_RDL_Connection\train\TSV_RDL\dut72.s2p
train,TSV_RDL,73,completed,C:\ffzhzh\SyncFiles\Temp\HFSS_sim\simdata_TSV_RDL_Connection\train\TSV_RDL\dut73.s2p
train,TSV_RDL,74,completed,C:\ffzhzh\SyncFiles\Temp\HFSS_sim\simdata_TSV_RDL_Connection\train\TSV_RDL\dut74.s2p
train,TSV_RDL,75,completed,C:\ffzhzh\SyncFiles\Temp\HFSS_sim\simdata_TSV_RDL_Connection\train\TSV_RDL\dut75.s2p
train,TSV_RDL,76,completed,C:\ffzhzh\SyncFiles\Temp\HFSS_sim\simdata_TSV_RDL_Connection\train\TSV_RDL\dut76.s2p
train,TSV_RDL,77,completed,C:\ffzhzh\SyncFiles\Temp\HFSS_sim\simdata_TSV_RDL_Connection\train\TSV_RDL\dut77.s2p
train,TSV_RDL,78,completed,C:\ffzhzh\SyncFiles\Temp\HFSS_sim\simdata_TSV_RDL_Connection\train\TSV_RDL\dut78.s2p
train,TSV_RDL,79,completed,C:\ffzhzh\SyncFiles\Temp\HFSS_sim\simdata_TSV_RDL_Connection\train\TSV_RDL\dut79.s2p
train,TSV_RDL,80,completed,C:\ffzhzh\SyncFiles\Temp\HFSS_sim\simdata_TSV_RDL_Connection\train\TSV_RDL\dut80.s2p
train,TSV_RDL,81,completed,C:\ffzhzh\SyncFiles\Temp\HFSS_sim\simdata_TSV_RDL_Connection\train\TSV_RDL\dut81.s2p
train,TSV_RDL,82,completed,C:\ffzhzh\SyncFiles\Temp\HFSS_sim\simdata_TSV_RDL_Connection\train\TSV_RDL\dut82.s2p
train,TSV_RDL,83,completed,C:\ffzhzh\SyncFiles\Temp\HFSS_sim\simdata_TSV_RDL_Connection\train\TSV_RDL\dut83.s2p
train,TSV_RDL,84,completed,C:\ffzhzh\SyncFiles\Temp\HFSS_sim\simdata_TSV_RDL_Connection\train\TSV_RDL\dut84.s2p
train,TSV_RDL,85,completed,C:\ffzhzh\SyncFiles\Temp\HFSS_sim\simdata_TSV_RDL_Connection\train\TSV_RDL\dut85.s2p
train,TSV_RDL,86,completed,C:\ffzhzh\SyncFiles\Temp\HFSS_sim\simdata_TSV_RDL_Connection\train\TSV_RDL\dut86.s2p
train,TSV_RDL,87,completed,C:\ffzhzh\SyncFiles\Temp\HFSS_sim\simdata_TSV_RDL_Connection\train\TSV_RDL\dut87.s2p
train,TSV_RDL,88,completed,C:\ffzhzh\SyncFiles\Temp\HFSS_sim\simdata_TSV_RDL_Connection\train\TSV_RDL\dut88.s2p
train,TSV_RDL,89,completed,C:\ffzhzh\SyncFiles\Temp\HFSS_sim\simdata_TSV_RDL_Connection\train\TSV_RDL\dut89.s2p
train,TSV_RDL,90,completed,C:\ffzhzh\SyncFiles\Temp\HFSS_sim\simdata_TSV_RDL_Connection\train\TSV_RDL\dut90.s2p
train,TSV_RDL,91,completed,C:\ffzhzh\SyncFiles\Temp\HFSS_sim\simdata_TSV_RDL_Connection\train\TSV_RDL\dut91.s2p
train,TSV_RDL,92,completed,C:\ffzhzh\SyncFiles\Temp\HFSS_sim\simdata_TSV_RDL_Connection\train\TSV_RDL\dut92.s2p
train,TSV_RDL,93,completed,C:\ffzhzh\SyncFiles\Temp\HFSS_sim\simdata_TSV_RDL_Connection\train\TSV_RDL\dut93.s2p
train,TSV_RDL,94,completed,C:\ffzhzh\SyncFiles\Temp\HFSS_sim\simdata_TSV_RDL_Connection\train\TSV_RDL\dut94.s2p
train,TSV_RDL,95,completed,C:\ffzhzh\SyncFiles\Temp\HFSS_sim\simdata_TSV_RDL_Connection\train\TSV_RDL\dut95.s2p
train,TSV_RDL,96,completed,C:\ffzhzh\SyncFiles\Temp\HFSS_sim\simdata_TSV_RDL_Connection\train\TSV_RDL\dut96.s2p
train,TSV_RDL,97,completed,C:\ffzhzh\SyncFiles\Temp\HFSS_sim\simdata_TSV_RDL_Connection\train\TSV_RDL\dut97.s2p
train,TSV_RDL,98,completed,C:\ffzhzh\SyncFiles\Temp\HFSS_sim\simdata_TSV_RDL_Connection\train\TSV_RDL\dut98.s2p
train,TSV_RDL,99,completed,C:\ffzhzh\SyncFiles\Temp\HFSS_sim\simdata_TSV_RDL_Connection\train\TSV_RDL\dut99.s2p
val,TMRDL,0,skipped,C:\ffzhzh\SyncFiles\Temp\HFSS_sim\simdata_TSV_RDL_Connection\val\TMRDL\dut0.s2p
val,TMRDL,1,skipped,C:\ffzhzh\SyncFiles\Temp\HFSS_sim\simdata_TSV_RDL_Connection\val\TMRDL\dut1.s2p
val,TMRDL,2,skipped,C:\ffzhzh\SyncFiles\Temp\HFSS_sim\simdata_TSV_RDL_Connection\val\TMRDL\dut2.s2p
val,TMRDL,3,skipped,C:\ffzhzh\SyncFiles\Temp\HFSS_sim\simdata_TSV_RDL_Connection\val\TMRDL\dut3.s2p
val,TMRDL,4,skipped,C:\ffzhzh\SyncFiles\Temp\HFSS_sim\simdata_TSV_RDL_Connection\val\TMRDL\dut4.s2p
val,TMRDL,5,skipped,C:\ffzhzh\SyncFiles\Temp\HFSS_sim\simdata_TSV_RDL_Connection\val\TMRDL\dut5.s2p
val,TMRDL,6,skipped,C:\ffzhzh\SyncFiles\Temp\HFSS_sim\simdata_TSV_RDL_Connection\val\TMRDL\dut6.s2p
val,TMRDL,7,skipped,C:\ffzhzh\SyncFiles\Temp\HFSS_sim\simdata_TSV_RDL_Connection\val\TMRDL\dut7.s2p
val,TMRDL,8,skipped,C:\ffzhzh\SyncFiles\Temp\HFSS_sim\simdata_TSV_RDL_Connection\val\TMRDL\dut8.s2p
val,TMRDL,9,skipped,C:\ffzhzh\SyncFiles\Temp\HFSS_sim\simdata_TSV_RDL_Connection\val\TMRDL\dut9.s2p
val,TMRDL,10,skipped,C:\ffzhzh\SyncFiles\Temp\HFSS_sim\simdata_TSV_RDL_Connection\val\TMRDL\dut10.s2p
val,TMRDL,11,skipped,C:\ffzhzh\SyncFiles\Temp\HFSS_sim\simdata_TSV_RDL_Connection\val\TMRDL\dut11.s2p
val,TMRDL,12,skipped,C:\ffzhzh\SyncFiles\Temp\HFSS_sim\simdata_TSV_RDL_Connection\val\TMRDL\dut12.s2p
val,TMRDL,13,skipped,C:\ffzhzh\SyncFiles\Temp\HFSS_sim\simdata_TSV_RDL_Connection\val\TMRDL\dut13.s2p
val,TMRDL,14,skipped,C:\ffzhzh\SyncFiles\Temp\HFSS_sim\simdata_TSV_RDL_Connection\val\TMRDL\dut14.s2p
val,TMRDL,15,skipped,C:\ffzhzh\SyncFiles\Temp\HFSS_sim\simdata_TSV_RDL_Connection\val\TMRDL\dut15.s2p
val,TMRDL,16,skipped,C:\ffzhzh\SyncFiles\Temp\HFSS_sim\simdata_TSV_RDL_Connection\val\TMRDL\dut16.s2p
val,TMRDL,17,skipped,C:\ffzhzh\SyncFiles\Temp\HFSS_sim\simdata_TSV_RDL_Connection\val\TMRDL\dut17.s2p
val,TMRDL,18,skipped,C:\ffzhzh\SyncFiles\Temp\HFSS_sim\simdata_TSV_RDL_Connection\val\TMRDL\dut18.s2p
val,TMRDL,19,skipped,C:\ffzhzh\SyncFiles\Temp\HFSS_sim\simdata_TSV_RDL_Connection\val\TMRDL\dut19.s2p
val,BSMRDL,0,skipped,C:\ffzhzh\SyncFiles\Temp\HFSS_sim\simdata_TSV_RDL_Connection\val\BSMRDL\dut0.s2p
val,BSMRDL,1,skipped,C:\ffzhzh\SyncFiles\Temp\HFSS_sim\simdata_TSV_RDL_Connection\val\BSMRDL\dut1.s2p
val,BSMRDL,2,skipped,C:\ffzhzh\SyncFiles\Temp\HFSS_sim\simdata_TSV_RDL_Connection\val\BSMRDL\dut2.s2p
val,BSMRDL,3,skipped,C:\ffzhzh\SyncFiles\Temp\HFSS_sim\simdata_TSV_RDL_Connection\val\BSMRDL\dut3.s2p
val,BSMRDL,4,skipped,C:\ffzhzh\SyncFiles\Temp\HFSS_sim\simdata_TSV_RDL_Connection\val\BSMRDL\dut4.s2p
val,BSMRDL,5,skipped,C:\ffzhzh\SyncFiles\Temp\HFSS_sim\simdata_TSV_RDL_Connection\val\BSMRDL\dut5.s2p
val,BSMRDL,6,skipped,C:\ffzhzh\SyncFiles\Temp\HFSS_sim\simdata_TSV_RDL_Connection\val\BSMRDL\dut6.s2p
val,BSMRDL,7,skipped,C:\ffzhzh\SyncFiles\Temp\HFSS_sim\simdata_TSV_RDL_Connection\val\BSMRDL\dut7.s2p
val,BSMRDL,8,skipped,C:\ffzhzh\SyncFiles\Temp\HFSS_sim\simdata_TSV_RDL_Connection\val\BSMRDL\dut8.s2p
val,BSMRDL,9,skipped,C:\ffzhzh\SyncFiles\Temp\HFSS_sim\simdata_TSV_RDL_Connection\val\BSMRDL\dut9.s2p
val,BSMRDL,10,skipped,C:\ffzhzh\SyncFiles\Temp\HFSS_sim\simdata_TSV_RDL_Connection\val\BSMRDL\dut10.s2p
val,BSMRDL,11,skipped,C:\ffzhzh\SyncFiles\Temp\HFSS_sim\simdata_TSV_RDL_Connection\val\BSMRDL\dut11.s2p
val,BSMRDL,12,skipped,C:\ffzhzh\SyncFiles\Temp\HFSS_sim\simdata_TSV_RDL_Connection\val\BSMRDL\dut12.s2p
val,BSMRDL,13,skipped,C:\ffzhzh\SyncFiles\Temp\HFSS_sim\simdata_TSV_RDL_Connection\val\BSMRDL\dut13.s2p
val,BSMRDL,14,skipped,C:\ffzhzh\SyncFiles\Temp\HFSS_sim\simdata_TSV_RDL_Connection\val\BSMRDL\dut14.s2p
val,BSMRDL,15,skipped,C:\ffzhzh\SyncFiles\Temp\HFSS_sim\simdata_TSV_RDL_Connection\val\BSMRDL\dut15.s2p
val,BSMRDL,16,skipped,C:\ffzhzh\SyncFiles\Temp\HFSS_sim\simdata_TSV_RDL_Connection\val\BSMRDL\dut16.s2p
val,BSMRDL,17,skipped,C:\ffzhzh\SyncFiles\Temp\HFSS_sim\simdata_TSV_RDL_Connection\val\BSMRDL\dut17.s2p
val,BSMRDL,18,skipped,C:\ffzhzh\SyncFiles\Temp\HFSS_sim\simdata_TSV_RDL_Connection\val\BSMRDL\dut18.s2p
val,BSMRDL,19,skipped,C:\ffzhzh\SyncFiles\Temp\HFSS_sim\simdata_TSV_RDL_Connection\val\BSMRDL\dut19.s2p
val,TSV,0,completed,C:\ffzhzh\SyncFiles\Temp\HFSS_sim\simdata_TSV_RDL_Connection\val\TSV\dut0.s2p
val,TSV,1,completed,C:\ffzhzh\SyncFiles\Temp\HFSS_sim\simdata_TSV_RDL_Connection\val\TSV\dut1.s2p
val,TSV,2,completed,C:\ffzhzh\SyncFiles\Temp\HFSS_sim\simdata_TSV_RDL_Connection\val\TSV\dut2.s2p
val,TSV,3,completed,C:\ffzhzh\SyncFiles\Temp\HFSS_sim\simdata_TSV_RDL_Connection\val\TSV\dut3.s2p
val,TSV,4,completed,C:\ffzhzh\SyncFiles\Temp\HFSS_sim\simdata_TSV_RDL_Connection\val\TSV\dut4.s2p
val,TSV,5,completed,C:\ffzhzh\SyncFiles\Temp\HFSS_sim\simdata_TSV_RDL_Connection\val\TSV\dut5.s2p
val,TSV,6,completed,C:\ffzhzh\SyncFiles\Temp\HFSS_sim\simdata_TSV_RDL_Connection\val\TSV\dut6.s2p
val,TSV,7,completed,C:\ffzhzh\SyncFiles\Temp\HFSS_sim\simdata_TSV_RDL_Connection\val\TSV\dut7.s2p
val,TSV,8,completed,C:\ffzhzh\SyncFiles\Temp\HFSS_sim\simdata_TSV_RDL_Connection\val\TSV\dut8.s2p
val,TSV,9,completed,C:\ffzhzh\SyncFiles\Temp\HFSS_sim\simdata_TSV_RDL_Connection\val\TSV\dut9.s2p
val,TSV,10,completed,C:\ffzhzh\SyncFiles\Temp\HFSS_sim\simdata_TSV_RDL_Connection\val\TSV\dut10.s2p
val,TSV,11,completed,C:\ffzhzh\SyncFiles\Temp\HFSS_sim\simdata_TSV_RDL_Connection\val\TSV\dut11.s2p
val,TSV,12,completed,C:\ffzhzh\SyncFiles\Temp\HFSS_sim\simdata_TSV_RDL_Connection\val\TSV\dut12.s2p
val,TSV,13,completed,C:\ffzhzh\SyncFiles\Temp\HFSS_sim\simdata_TSV_RDL_Connection\val\TSV\dut13.s2p
val,TSV,14,completed,C:\ffzhzh\SyncFiles\Temp\HFSS_sim\simdata_TSV_RDL_Connection\val\TSV\dut14.s2p
val,TSV,15,completed,C:\ffzhzh\SyncFiles\Temp\HFSS_sim\simdata_TSV_RDL_Connection\val\TSV\dut15.s2p
val,TSV,16,completed,C:\ffzhzh\SyncFiles\Temp\HFSS_sim\simdata_TSV_RDL_Connection\val\TSV\dut16.s2p
val,TSV,17,completed,C:\ffzhzh\SyncFiles\Temp\HFSS_sim\simdata_TSV_RDL_Connection\val\TSV\dut17.s2p
val,TSV,18,completed,C:\ffzhzh\SyncFiles\Temp\HFSS_sim\simdata_TSV_RDL_Connection\val\TSV\dut18.s2p
val,TSV,19,completed,C:\ffzhzh\SyncFiles\Temp\HFSS_sim\simdata_TSV_RDL_Connection\val\TSV\dut19.s2p
val,TSV_RDL,0,completed,C:\ffzhzh\SyncFiles\Temp\HFSS_sim\simdata_TSV_RDL_Connection\val\TSV_RDL\dut0.s2p
val,TSV_RDL,1,completed,C:\ffzhzh\SyncFiles\Temp\HFSS_sim\simdata_TSV_RDL_Connection\val\TSV_RDL\dut1.s2p
val,TSV_RDL,2,completed,C:\ffzhzh\SyncFiles\Temp\HFSS_sim\simdata_TSV_RDL_Connection\val\TSV_RDL\dut2.s2p
val,TSV_RDL,3,completed,C:\ffzhzh\SyncFiles\Temp\HFSS_sim\simdata_TSV_RDL_Connection\val\TSV_RDL\dut3.s2p
val,TSV_RDL,4,completed,C:\ffzhzh\SyncFiles\Temp\HFSS_sim\simdata_TSV_RDL_Connection\val\TSV_RDL\dut4.s2p
val,TSV_RDL,5,completed,C:\ffzhzh\SyncFiles\Temp\HFSS_sim\simdata_TSV_RDL_Connection\val\TSV_RDL\dut5.s2p
val,TSV_RDL,6,completed,C:\ffzhzh\SyncFiles\Temp\HFSS_sim\simdata_TSV_RDL_Connection\val\TSV_RDL\dut6.s2p
val,TSV_RDL,7,completed,C:\ffzhzh\SyncFiles\Temp\HFSS_sim\simdata_TSV_RDL_Connection\val\TSV_RDL\dut7.s2p
val,TSV_RDL,8,completed,C:\ffzhzh\SyncFiles\Temp\HFSS_sim\simdata_TSV_RDL_Connection\val\TSV_RDL\dut8.s2p
val,TSV_RDL,9,completed,C:\ffzhzh\SyncFiles\Temp\HFSS_sim\simdata_TSV_RDL_Connection\val\TSV_RDL\dut9.s2p
val,TSV_RDL,10,completed,C:\ffzhzh\SyncFiles\Temp\HFSS_sim\simdata_TSV_RDL_Connection\val\TSV_RDL\dut10.s2p
val,TSV_RDL,11,completed,C:\ffzhzh\SyncFiles\Temp\HFSS_sim\simdata_TSV_RDL_Connection\val\TSV_RDL\dut11.s2p
val,TSV_RDL,12,completed,C:\ffzhzh\SyncFiles\Temp\HFSS_sim\simdata_TSV_RDL_Connection\val\TSV_RDL\dut12.s2p
val,TSV_RDL,13,completed,C:\ffzhzh\SyncFiles\Temp\HFSS_sim\simdata_TSV_RDL_Connection\val\TSV_RDL\dut13.s2p
val,TSV_RDL,14,completed,C:\ffzhzh\SyncFiles\Temp\HFSS_sim\simdata_TSV_RDL_Connection\val\TSV_RDL\dut14.s2p
val,TSV_RDL,15,completed,C:\ffzhzh\SyncFiles\Temp\HFSS_sim\simdata_TSV_RDL_Connection\val\TSV_RDL\dut15.s2p
val,TSV_RDL,16,completed,C:\ffzhzh\SyncFiles\Temp\HFSS_sim\simdata_TSV_RDL_Connection\val\TSV_RDL\dut16.s2p
val,TSV_RDL,17,completed,C:\ffzhzh\SyncFiles\Temp\HFSS_sim\simdata_TSV_RDL_Connection\val\TSV_RDL\dut17.s2p
val,TSV_RDL,18,completed,C:\ffzhzh\SyncFiles\Temp\HFSS_sim\simdata_TSV_RDL_Connection\val\TSV_RDL\dut18.s2p
val,TSV_RDL,19,completed,C:\ffzhzh\SyncFiles\Temp\HFSS_sim\simdata_TSV_RDL_Connection\val\TSV_RDL\dut19.s2p
test,TMRDL,0,skipped,C:\ffzhzh\SyncFiles\Temp\HFSS_sim\simdata_TSV_RDL_Connection\test\TMRDL\dut0.s2p
test,TMRDL,1,skipped,C:\ffzhzh\SyncFiles\Temp\HFSS_sim\simdata_TSV_RDL_Connection\test\TMRDL\dut1.s2p
test,TMRDL,2,skipped,C:\ffzhzh\SyncFiles\Temp\HFSS_sim\simdata_TSV_RDL_Connection\test\TMRDL\dut2.s2p
test,TMRDL,3,skipped,C:\ffzhzh\SyncFiles\Temp\HFSS_sim\simdata_TSV_RDL_Connection\test\TMRDL\dut3.s2p
test,TMRDL,4,skipped,C:\ffzhzh\SyncFiles\Temp\HFSS_sim\simdata_TSV_RDL_Connection\test\TMRDL\dut4.s2p
test,TMRDL,5,skipped,C:\ffzhzh\SyncFiles\Temp\HFSS_sim\simdata_TSV_RDL_Connection\test\TMRDL\dut5.s2p
test,TMRDL,6,skipped,C:\ffzhzh\SyncFiles\Temp\HFSS_sim\simdata_TSV_RDL_Connection\test\TMRDL\dut6.s2p
test,TMRDL,7,skipped,C:\ffzhzh\SyncFiles\Temp\HFSS_sim\simdata_TSV_RDL_Connection\test\TMRDL\dut7.s2p
test,TMRDL,8,skipped,C:\ffzhzh\SyncFiles\Temp\HFSS_sim\simdata_TSV_RDL_Connection\test\TMRDL\dut8.s2p
test,TMRDL,9,skipped,C:\ffzhzh\SyncFiles\Temp\HFSS_sim\simdata_TSV_RDL_Connection\test\TMRDL\dut9.s2p
test,TMRDL,10,skipped,C:\ffzhzh\SyncFiles\Temp\HFSS_sim\simdata_TSV_RDL_Connection\test\TMRDL\dut10.s2p
test,TMRDL,11,skipped,C:\ffzhzh\SyncFiles\Temp\HFSS_sim\simdata_TSV_RDL_Connection\test\TMRDL\dut11.s2p
test,TMRDL,12,skipped,C:\ffzhzh\SyncFiles\Temp\HFSS_sim\simdata_TSV_RDL_Connection\test\TMRDL\dut12.s2p
test,TMRDL,13,skipped,C:\ffzhzh\SyncFiles\Temp\HFSS_sim\simdata_TSV_RDL_Connection\test\TMRDL\dut13.s2p
test,TMRDL,14,skipped,C:\ffzhzh\SyncFiles\Temp\HFSS_sim\simdata_TSV_RDL_Connection\test\TMRDL\dut14.s2p
test,TMRDL,15,skipped,C:\ffzhzh\SyncFiles\Temp\HFSS_sim\simdata_TSV_RDL_Connection\test\TMRDL\dut15.s2p
test,TMRDL,16,skipped,C:\ffzhzh\SyncFiles\Temp\HFSS_sim\simdata_TSV_RDL_Connection\test\TMRDL\dut16.s2p
test,TMRDL,17,skipped,C:\ffzhzh\SyncFiles\Temp\HFSS_sim\simdata_TSV_RDL_Connection\test\TMRDL\dut17.s2p
test,TMRDL,18,skipped,C:\ffzhzh\SyncFiles\Temp\HFSS_sim\simdata_TSV_RDL_Connection\test\TMRDL\dut18.s2p
test,TMRDL,19,skipped,C:\ffzhzh\SyncFiles\Temp\HFSS_sim\simdata_TSV_RDL_Connection\test\TMRDL\dut19.s2p
test,BSMRDL,0,skipped,C:\ffzhzh\SyncFiles\Temp\HFSS_sim\simdata_TSV_RDL_Connection\test\BSMRDL\dut0.s2p
test,BSMRDL,1,skipped,C:\ffzhzh\SyncFiles\Temp\HFSS_sim\simdata_TSV_RDL_Connection\test\BSMRDL\dut1.s2p
test,BSMRDL,2,skipped,C:\ffzhzh\SyncFiles\Temp\HFSS_sim\simdata_TSV_RDL_Connection\test\BSMRDL\dut2.s2p
test,BSMRDL,3,skipped,C:\ffzhzh\SyncFiles\Temp\HFSS_sim\simdata_TSV_RDL_Connection\test\BSMRDL\dut3.s2p
test,BSMRDL,4,skipped,C:\ffzhzh\SyncFiles\Temp\HFSS_sim\simdata_TSV_RDL_Connection\test\BSMRDL\dut4.s2p
test,BSMRDL,5,skipped,C:\ffzhzh\SyncFiles\Temp\HFSS_sim\simdata_TSV_RDL_Connection\test\BSMRDL\dut5.s2p
test,BSMRDL,6,skipped,C:\ffzhzh\SyncFiles\Temp\HFSS_sim\simdata_TSV_RDL_Connection\test\BSMRDL\dut6.s2p
test,BSMRDL,7,skipped,C:\ffzhzh\SyncFiles\Temp\HFSS_sim\simdata_TSV_RDL_Connection\test\BSMRDL\dut7.s2p
test,BSMRDL,8,skipped,C:\ffzhzh\SyncFiles\Temp\HFSS_sim\simdata_TSV_RDL_Connection\test\BSMRDL\dut8.s2p
test,BSMRDL,9,skipped,C:\ffzhzh\SyncFiles\Temp\HFSS_sim\simdata_TSV_RDL_Connection\test\BSMRDL\dut9.s2p
test,BSMRDL,10,skipped,C:\ffzhzh\SyncFiles\Temp\HFSS_sim\simdata_TSV_RDL_Connection\test\BSMRDL\dut10.s2p
test,BSMRDL,11,skipped,C:\ffzhzh\SyncFiles\Temp\HFSS_sim\simdata_TSV_RDL_Connection\test\BSMRDL\dut11.s2p
test,BSMRDL,12,skipped,C:\ffzhzh\SyncFiles\Temp\HFSS_sim\simdata_TSV_RDL_Connection\test\BSMRDL\dut12.s2p
test,BSMRDL,13,skipped,C:\ffzhzh\SyncFiles\Temp\HFSS_sim\simdata_TSV_RDL_Connection\test\BSMRDL\dut13.s2p
test,BSMRDL,14,skipped,C:\ffzhzh\SyncFiles\Temp\HFSS_sim\simdata_TSV_RDL_Connection\test\BSMRDL\dut14.s2p
test,BSMRDL,15,skipped,C:\ffzhzh\SyncFiles\Temp\HFSS_sim\simdata_TSV_RDL_Connection\test\BSMRDL\dut15.s2p
test,BSMRDL,16,skipped,C:\ffzhzh\SyncFiles\Temp\HFSS_sim\simdata_TSV_RDL_Connection\test\BSMRDL\dut16.s2p
test,BSMRDL,17,skipped,C:\ffzhzh\SyncFiles\Temp\HFSS_sim\simdata_TSV_RDL_Connection\test\BSMRDL\dut17.s2p
test,BSMRDL,18,skipped,C:\ffzhzh\SyncFiles\Temp\HFSS_sim\simdata_TSV_RDL_Connection\test\BSMRDL\dut18.s2p
test,BSMRDL,19,skipped,C:\ffzhzh\SyncFiles\Temp\HFSS_sim\simdata_TSV_RDL_Connection\test\BSMRDL\dut19.s2p
test,TSV,0,completed,C:\ffzhzh\SyncFiles\Temp\HFSS_sim\simdata_TSV_RDL_Connection\test\TSV\dut0.s2p
test,TSV,1,completed,C:\ffzhzh\SyncFiles\Temp\HFSS_sim\simdata_TSV_RDL_Connection\test\TSV\dut1.s2p
test,TSV,2,completed,C:\ffzhzh\SyncFiles\Temp\HFSS_sim\simdata_TSV_RDL_Connection\test\TSV\dut2.s2p
test,TSV,3,completed,C:\ffzhzh\SyncFiles\Temp\HFSS_sim\simdata_TSV_RDL_Connection\test\TSV\dut3.s2p
test,TSV,4,completed,C:\ffzhzh\SyncFiles\Temp\HFSS_sim\simdata_TSV_RDL_Connection\test\TSV\dut4.s2p
test,TSV,5,completed,C:\ffzhzh\SyncFiles\Temp\HFSS_sim\simdata_TSV_RDL_Connection\test\TSV\dut5.s2p
test,TSV,6,completed,C:\ffzhzh\SyncFiles\Temp\HFSS_sim\simdata_TSV_RDL_Connection\test\TSV\dut6.s2p
test,TSV,7,completed,C:\ffzhzh\SyncFiles\Temp\HFSS_sim\simdata_TSV_RDL_Connection\test\TSV\dut7.s2p
test,TSV,8,completed,C:\ffzhzh\SyncFiles\Temp\HFSS_sim\simdata_TSV_RDL_Connection\test\TSV\dut8.s2p
test,TSV,9,completed,C:\ffzhzh\SyncFiles\Temp\HFSS_sim\simdata_TSV_RDL_Connection\test\TSV\dut9.s2p
test,TSV,10,completed,C:\ffzhzh\SyncFiles\Temp\HFSS_sim\simdata_TSV_RDL_Connection\test\TSV\dut10.s2p
test,TSV,11,completed,C:\ffzhzh\SyncFiles\Temp\HFSS_sim\simdata_TSV_RDL_Connection\test\TSV\dut11.s2p
test,TSV,12,completed,C:\ffzhzh\SyncFiles\Temp\HFSS_sim\simdata_TSV_RDL_Connection\test\TSV\dut12.s2p
test,TSV,13,completed,C:\ffzhzh\SyncFiles\Temp\HFSS_sim\simdata_TSV_RDL_Connection\test\TSV\dut13.s2p
test,TSV,14,completed,C:\ffzhzh\SyncFiles\Temp\HFSS_sim\simdata_TSV_RDL_Connection\test\TSV\dut14.s2p
test,TSV,15,completed,C:\ffzhzh\SyncFiles\Temp\HFSS_sim\simdata_TSV_RDL_Connection\test\TSV\dut15.s2p
test,TSV,16,completed,C:\ffzhzh\SyncFiles\Temp\HFSS_sim\simdata_TSV_RDL_Connection\test\TSV\dut16.s2p
test,TSV,17,completed,C:\ffzhzh\SyncFiles\Temp\HFSS_sim\simdata_TSV_RDL_Connection\test\TSV\dut17.s2p
test,TSV,18,completed,C:\ffzhzh\SyncFiles\Temp\HFSS_sim\simdata_TSV_RDL_Connection\test\TSV\dut18.s2p
test,TSV,19,completed,C:\ffzhzh\SyncFiles\Temp\HFSS_sim\simdata_TSV_RDL_Connection\test\TSV\dut19.s2p
test,TSV_RDL,0,completed,C:\ffzhzh\SyncFiles\Temp\HFSS_sim\simdata_TSV_RDL_Connection\test\TSV_RDL\dut0.s2p
test,TSV_RDL,1,completed,C:\ffzhzh\SyncFiles\Temp\HFSS_sim\simdata_TSV_RDL_Connection\test\TSV_RDL\dut1.s2p
test,TSV_RDL,2,completed,C:\ffzhzh\SyncFiles\Temp\HFSS_sim\simdata_TSV_RDL_Connection\test\TSV_RDL\dut2.s2p
test,TSV_RDL,3,completed,C:\ffzhzh\SyncFiles\Temp\HFSS_sim\simdata_TSV_RDL_Connection\test\TSV_RDL\dut3.s2p
test,TSV_RDL,4,completed,C:\ffzhzh\SyncFiles\Temp\HFSS_sim\simdata_TSV_RDL_Connection\test\TSV_RDL\dut4.s2p
test,TSV_RDL,5,completed,C:\ffzhzh\SyncFiles\Temp\HFSS_sim\simdata_TSV_RDL_Connection\test\TSV_RDL\dut5.s2p
test,TSV_RDL,6,completed,C:\ffzhzh\SyncFiles\Temp\HFSS_sim\simdata_TSV_RDL_Connection\test\TSV_RDL\dut6.s2p
test,TSV_RDL,7,completed,C:\ffzhzh\SyncFiles\Temp\HFSS_sim\simdata_TSV_RDL_Connection\test\TSV_RDL\dut7.s2p
test,TSV_RDL,8,completed,C:\ffzhzh\SyncFiles\Temp\HFSS_sim\simdata_TSV_RDL_Connection\test\TSV_RDL\dut8.s2p
test,TSV_RDL,9,completed,C:\ffzhzh\SyncFiles\Temp\HFSS_sim\simdata_TSV_RDL_Connection\test\TSV_RDL\dut9.s2p
test,TSV_RDL,10,completed,C:\ffzhzh\SyncFiles\Temp\HFSS_sim\simdata_TSV_RDL_Connection\test\TSV_RDL\dut10.s2p
test,TSV_RDL,11,completed,C:\ffzhzh\SyncFiles\Temp\HFSS_sim\simdata_TSV_RDL_Connection\test\TSV_RDL\dut11.s2p
test,TSV_RDL,12,completed,C:\ffzhzh\SyncFiles\Temp\HFSS_sim\simdata_TSV_RDL_Connection\test\TSV_RDL\dut12.s2p
test,TSV_RDL,13,completed,C:\ffzhzh\SyncFiles\Temp\HFSS_sim\simdata_TSV_RDL_Connection\test\TSV_RDL\dut13.s2p
test,TSV_RDL,14,completed,C:\ffzhzh\SyncFiles\Temp\HFSS_sim\simdata_TSV_RDL_Connection\test\TSV_RDL\dut14.s2p
test,TSV_RDL,15,completed,C:\ffzhzh\SyncFiles\Temp\HFSS_sim\simdata_TSV_RDL_Connection\test\TSV_RDL\dut15.s2p
test,TSV_RDL,16,completed,C:\ffzhzh\SyncFiles\Temp\HFSS_sim\simdata_TSV_RDL_Connection\test\TSV_RDL\dut16.s2p
test,TSV_RDL,17,completed,C:\ffzhzh\SyncFiles\Temp\HFSS_sim\simdata_TSV_RDL_Connection\test\TSV_RDL\dut17.s2p
test,TSV_RDL,18,completed,C:\ffzhzh\SyncFiles\Temp\HFSS_sim\simdata_TSV_RDL_Connection\test\TSV_RDL\dut18.s2p
test,TSV_RDL,19,completed,C:\ffzhzh\SyncFiles\Temp\HFSS_sim\simdata_TSV_RDL_Connection\test\TSV_RDL\dut19.s2p
