l_rdl , w_rdl, t_rdl, h_tsv, p_rdl, R1                 , R2                    , R3                 , L1                , L2                      , L3                 , Cox               , Csi               , Rsi                 , rmse
219.56, 15.11,  2.73, 75.89, 49.14, 1137.320472714087  ,   13677.938107518017  , 2924.5375177450287 , 1119.274733558477 ,     9451.688458898067   ,  28.079020404005874, 101.64259852940309,  95.43432187400462, 0.06634796409904213 , 0.0017923391357048775
250.82, 24.19,  2.09, 74.27, 41.05, 1251.419794365807  ,    2782.1501755596946 , 2934.025613667615  ,  763.0985919698213,      881.9518240417431  ,  19.848651490464214, 145.66955549340386, 127.80496487405058, 0.050822771774844705, 0.002015202610549619
395.12, 24.09,  3.42, 82.58, 52.73,  639.4218262381615 ,    1896.3221419208407 , 1734.5906359071523 ,  846.8957475092045,      970.7586166330816  ,  24.377519471086366, 146.1297803587241 , 104.5660825310419 , 0.060182204955660054, 0.0024076863011735887
413.96, 12.39,  3.24, 95.61, 50.18, 1064.5797775521494 ,    6600.822825667915  , 2784.501333803521  , 1073.4668762538736,     2314.2600266168824  ,  30.96542445275504 ,  90.26302888091061,  90.18611984279495, 0.0676701364430848  , 0.0014495445463795073
107.55, 21.36,  4.58, 79.47, 41.59, 2839.027203495371  ,     760.9256074544477 , 1029.3290402987561 ,  881.1268593518491,       28.789255435299346,  30.95502328469377 , 134.88469703373326, 130.34015070447748, 0.051401641226465865, 0.0019284811758680316
231.45, 23.12,  4.05, 78.63, 51.49, 2236.979475265588  ,     694.2671160607093 ,  564.298053785408  ,  900.4010809177194,       31.388455931215105,  19.145093279879685, 141.86307037895543, 107.43695454386496, 0.06002149313395775 , 0.0028256224091097633
379.25, 21.01,  4.59, 86.11, 58.86,  594.237920366698  ,    1323.0161071498967 , 1585.105188820004  ,  945.848500677453 ,      370.8920489662909  ,  26.445256366509067, 132.837888488051  ,  93.50383058295515, 0.06629686938840529 , 0.002774101565625562
139.44, 25.27,  3.36, 76.53, 52.63, 2942.4278892987013 ,     933.1589345654124 ,  625.6160036550575 , 1009.9217470648866,       33.841208676259484,  16.546554499495745, 150.98118129772877, 111.80222247818871, 0.059439198580865486, 0.0025108648107441825
260.86, 18.69,  3.64, 51.77, 46.14,  892.2937539953338 ,    3713.56231964805   , 2107.0688830926524 ,  913.8121159226694,       37.20037744837057 ,  29.814586812328464, 120.4419188698913 , 102.72462191602304, 0.06459121500153536 , 0.0023713204402348465
384.06, 23.51,  2.79, 98.51, 54.42,  770.9115145459378 ,    9630.98845389226   , 1822.7866218543836 ,  903.3949167375721,    10725.504090621165   ,  21.474943561158543, 142.70543551855886, 101.65443913698282, 0.06087679375162094 , 0.0022117618358800327
209.59, 19.37,  3.88, 63.95, 59.58,  772.8270028041755 ,    4966.255230436641  , 2010.5056972476839 , 1124.463027485041 ,       47.03788894637891 ,  30.548453255061148, 123.5473461661526 ,  90.37913622489195, 0.07284296063168515 , 0.0025562590745875557
158.12, 28.85,  4.48, 93.51, 59.02, 2067.912638338857  ,     605.6416057256531 ,  898.404751243273  ,  964.8357932530562,       21.2287028792978  ,  27.03348719302558 , 169.52699917495895, 110.70004408460848, 0.059407471519622564, 0.002927108433696832
339.84, 29.43,  3.62, 58.84, 48.35, 2062.8077472732507 ,     677.7206388813432 ,  643.8793137078356 ,  694.4255071674162,       25.087518425492423,  18.408573942609795, 174.46403617778876, 122.05255966210872, 0.055384689023387376, 0.003343133538312564
617.66, 17.97,  4.9 , 82.07, 42.22,  706.0312143536935 ,    2144.130430355494  , 1648.7508780775297 ,  760.0365958943682,       30.449479349020475,  31.681488394707475, 122.22245034499382, 112.4315922776484 , 0.05522417103599909 , 0.0016589522762643588
211.59, 15.67,  4.32, 50.58, 57.17,  826.1983625541283 ,    4290.898983991777  , 2136.7566712693692 , 1154.0907908499462,       43.71318325322916 ,  33.69212171698154 , 106.41436117848652,  85.90064651842219, 0.07893042012387393 , 0.0029859647948429083
343.34, 11.13,  4.49, 95.03, 56.61, 1170.9371741763905 ,    2204.6213684021045 , 2396.7181437883596 , 1156.2498908244195,      130.7336823790854  ,  28.950538756567965,  85.5604325440501 ,  84.84279943761977, 0.0727897680950934  , 0.00323339072148118
324.32, 27.97,  2.11, 78.53, 44.62, 1116.9737357994209 ,    2193.953182231659  , 3232.1966183583645 ,  714.0117602492596,      685.8370112706327  ,  18.79939932686519 , 162.99018864290403, 127.59386906846052, 0.05054450273495403 , 0.0023137560510489447
540.84, 27.46,  4.82, 60.17, 48.93, 1588.118351777374  ,     497.5099574755238 ,  473.1957067087575 ,  677.7609679435453,       25.96003666659431 ,  21.65302085999919 , 166.91460354221678, 116.16318289228151, 0.05666217841485014 , 0.002820048845830571
263.39, 17.57,  3.69, 82.72, 55.38,  780.8725443018137 ,    9989.10724591465   , 2118.955377575333  , 1064.9433776565425,       82.12530189351237 ,  30.30028693545706 , 114.95321322357663,  93.04169639261706, 0.06768089477598357 , 0.0018684293623073018
380.05, 29.75,  4.18, 71.6 , 51.74, 1754.2346589085553 ,     551.0875041890117 ,  470.66559372256495,  715.4327722444259,       27.253236688494543,  18.25159934728404 , 175.50460522447707, 117.47969713737616, 0.055745806599878295, 0.002939143739537318
288.48, 18.56,  3.94, 79.98, 55.49,  719.7195029539856 ,    6962.068722587266  , 1948.1693048710765 , 1018.2077559174876,       62.63436446089948 ,  30.21075053755731 , 120.19928762295865,  93.94844729912937, 0.06707530929192222 , 0.0018146915732424425
398.93, 17.2 ,  2.07, 58.68, 57.74, 1480.7165131274185 ,    4869.866114828343  , 3059.1647222408324 , 1093.6285481901325,      436.46241852526856 ,  16.303815855114937, 112.26854782358431,  83.87594478237826, 0.07614760429475795 , 0.002470652880304051
218.24, 29.5 ,  3.66, 76.22, 43.99, 2537.5095871870135 ,     437.6926360674913 ,  314.3880419803261 ,  659.2426480587106,       39.27711005455883 ,  97.97990537486945 , 172.67766728249913, 140.00995452247085, 0.04803822052320221 , 0.0024003468339354912
308.51, 25.39,  2.46, 93.98, 52.46,  882.3504310757205 ,   10863.493923384516  , 1984.1246409326877 ,  883.5955372967786,     9968.941384853848   ,  19.738679689474193, 150.62650954004732, 107.57570510627166, 0.05821116962991377 , 0.002005758718166388
266.81, 27.21,  2.84, 53.6 , 48.59,  915.9239606112548 ,    4398.245487103508  , 1978.8306757835496 ,  794.3203418138285,       36.777487895091866,  23.099015489339422, 160.90219126934346, 114.45909455572503, 0.05947536008018556 , 0.0032652542086343593
327.13, 26.23,  4.35, 73.13, 55.28, 1711.2741866695258 ,     599.6161988555745 ,  592.9766087877094 ,  832.6700278556782,       25.25140229725826 ,  20.192428504197665, 159.0348111994171 , 105.3740579053063 , 0.06124976331179045 , 0.002457120860207716
687.1 , 29.49,  2.09, 84.31, 56.9 , 1394.524923723653  ,    1011.3340793624039 ,  314.7086835855406 ,  786.3954175213524,       29.932446904454796, 100.68465223649574 , 174.27683805150127, 105.14015852088814, 0.058887581470105144, 0.0036983109367794277
322.17, 17.94,  4.19, 88.69, 59.17,  678.1734105893999 ,    2163.991847949068  , 1912.3657934252617 , 1047.358185930023 ,      616.7797844695566  ,  29.233906973149423, 116.97318386897264,  89.74816160075218, 0.06900981487300718 , 0.00201758891049521
174.17, 16.13,  2.23, 73.76, 59.34, 1813.7632283148237 ,    5734.53695740825   , 2409.8474392988182 , 1350.3971745734748,       42.977978183808446,  21.269323593196667, 106.28295497199278,  87.06196715033252, 0.07409700297907995 , 0.002087909664374509
565.76, 24.7 ,  2.15, 86.29, 57.34, 1128.2781963981815 ,    4761.269178628434  , 1090.0950279501742 ,  891.9273506699649,       16.420379989580145,  14.48701341658338 , 149.98194361413204,  97.30680236103298, 0.06319946704165245 , 0.0029382227418222225
639.81, 11.31,  3.96, 79.12, 43.84,  957.6959256102317 ,    4344.950962463759  , 2621.954527711027  ,  958.8111330935267,     1039.799194147216   ,  34.30039829736884 ,  87.57896582114687,  94.6981997823826 , 0.06361620572774314 , 0.0036253857321162544
383.71, 28.68,  4.57, 65.98, 44.22, 1983.7858597615107 ,     339.96761567435794,  301.3956371456454 ,  613.6214494186303,       35.32174161921993 ,  51.99396476871147 , 170.16301214341084, 133.03105375867742, 0.04941395708586466 , 0.005109248881867285
397.4 , 13.76,  4.2 , 77.51, 48.1 ,  820.0838438307111 ,    2741.639368889537  , 2314.07563338298   ,  982.1881405396907,      521.045084443215   ,  32.09457438139119 ,  97.0996498606182 ,  93.84156700897165, 0.06504146041482643 , 0.004451963355597145
173.69, 13.96,  2.81, 77.41, 56.68, 1186.902099961454  ,   54805.98468387377   , 3066.874439869192  , 1325.5543697492465,   141692.62248131915    ,  30.00673052419357 ,  96.77744729770095,  87.83762785405972, 0.0729484547374038  , 0.0018385701541316912
152.65, 11.3 ,  3.24, 96.11, 47.12, 1265.1639136113743 ,    7332.20246332285   , 3559.856017843488  , 1257.175791471797 ,     1600.7124843205338  ,  34.69974054826733 ,  84.13073430915853,  96.01020982894993, 0.06581380776712387 , 0.0014983542616536173
482.52, 19.01,  2.42, 69.86, 46.87, 1080.2528624554946 ,   17252.98667749014   , 2025.2747820136417 ,  889.9731427366285,      107.56407510998402 ,  20.3239075976943  , 121.61166202398506, 101.42089002550301, 0.061590488083120655, 0.0019810113661100502
378.02, 12.95,  4.45, 71.65, 44.09, 1429.8629184034007 ,    1329.3199614953612 , 2075.7797406259206 ,  947.8168945626426,       82.03984115380689 ,  21.145521721904863,  94.06171163894858,  99.13069739779709, 0.06336952198752852 , 0.0030028291504895824
579.34, 14.52,  2.14, 95.46, 40.4 , 3967.0913415217415 ,    1555.1223394722513 ,  392.66415175389125,  905.5158716512123,       38.570267387032395,  70.32543846098721 , 100.15754496188167, 104.77966095059762, 0.05802948111859465 , 0.0014451996941781153
524.6 , 14.76,  2.53, 94.08, 42.16, 1243.970446528794  ,    4491.585322008698  , 2786.8740022844304 ,  911.7831505021669,     1196.5619832847615  ,  23.776823022066118, 103.23248068912646, 103.22049871082254, 0.059007040476425   , 0.001481537157053621
585.1 , 19.02,  2.18, 62.54, 49.0 , 2102.2972604731117 ,    2338.490124127303  , 1054.5399573424165 ,  906.6477958702721,       24.63102061162023 ,  13.258173897871044, 122.3676498701382 ,  96.49394612350207, 0.06496090138498785 , 0.002363609716571407
343.43, 13.61,  2.96, 79.98, 44.2 , 1129.6142498156196 ,    5066.282573563234  , 2954.411524196665  ,  998.3559087214285,     1384.2445951849922  ,  28.801942321279025,  95.78081887281252,  98.67239144346433, 0.06284323717390707 , 0.001349384305502656
628.09, 18.76,  2.74, 84.55, 51.12,  918.7276815288935 ,    3132.248114315088  , 1857.4508311266482 ,  907.8423333718281,     1177.9304946547193  ,  20.82599480304765 , 122.37514233257153,  96.19372453549617, 0.06340371314660559 , 0.0022128818719876825
333.7 , 19.55,  3.17, 65.14, 51.97,  805.4612846032226 ,    2869.912557941335  , 2120.7631232814024 ,  956.3708060632148,     1144.8894324793184  ,  25.49740909189408 , 124.39220751419265,  96.46031279999153, 0.06627414754455774 , 0.002257489501652892
667.44, 20.26,  4.03, 99.99, 41.39,  649.7139761993022 ,    5884.855888540164  , 1741.5677091998787 ,  719.9074001132938,       57.11452552502497 ,  29.37693382323409 , 133.42594051284186, 119.25583313475286, 0.05177078105474571 , 0.0017501446429457016
510.13, 16.85,  3.39, 85.36, 42.18,  829.9992074155996 ,   13461.78529643956   , 2187.8015784172762 ,  835.6188815993728,      103.41645814887393 ,  29.056946590718418, 113.69067242578512, 108.22022098545911, 0.05713890834630448 , 0.0015942124669942105
324.5 , 25.78,  4.84, 62.92, 56.4 , 1729.3602342437978 ,     504.23741954605396,  461.683930776877  ,  845.5210938956824,       27.533783299687645,  22.550924405266535, 154.68811065921065, 100.70958605352757, 0.06421674124245974 , 0.005452993170869052
141.18, 24.13,  3.74, 59.34, 50.11, 2877.983300453157  ,     788.7092861200884 ,  340.0801916868516 ,  965.7916925179717,       41.75141387159666 ,  16.737879406919777, 146.578664913898  , 112.35356155307251, 0.060984117179093716, 0.0029798374300057688
303.51, 14.19,  4.35, 56.26, 58.38,  853.6371724947593 ,    2460.650581001745  , 2176.898810164818  , 1126.220114464439 ,      256.77516809509814 ,  29.9812661837639  ,  99.00495294502623,  82.12811103827268, 0.0783949401944706  , 0.0036380962792763984
121.42, 17.03,  2.88, 65.89, 46.72, 1172.2007714895885 ,   20330.0222563486    , 3073.1393321843375 , 1171.452360792668 ,      126.61775250793353 ,  31.351162699653607, 111.41271408007105, 105.12703052954724, 0.06301932985311756 , 0.002019236416425191
322.58, 11.94,  3.83, 60.55, 45.45,  968.4984059538853 ,    4847.5796304002915 , 2781.889954322035  , 1034.9371040438607,     1127.7291639419286  ,  34.08797589292833 ,  88.10978225973226,  93.62521612361515, 0.06779226952756534 , 0.001365115753262005
202.41, 18.61,  2.12, 58.93, 59.4 , 3204.893043782636  ,    2138.274002473631  , 1021.6944995911323 , 1241.844962291406 ,       27.52626804368211 ,  12.371039898297923, 118.16597470181377,  87.0450624764892 , 0.07609485399864085 , 0.002803064080845121
319.35, 12.41,  2.5 , 95.76, 46.85, 1460.430875253498  ,    6471.159163107825  , 3466.1485510097577 , 1098.4139590711047,     1259.0141427619974  ,  26.436255038278613,  89.2792542918226 ,  93.47787551595216, 0.06537417097313322 , 0.0018172835591068262
119.46, 14.18,  4.98, 84.81, 51.37, 2938.596116967891  ,     858.4189765906917 , 1245.9074862240193 , 1224.3826537596965,       26.545857844201052,  32.706004665049385, 100.56724439999233,  99.66510405449331, 0.06550106956167871 , 0.001703486206228273
503.08, 24.17,  2.52, 81.17, 46.61,  848.6999790848517 ,   18033.597517461807  , 1856.2163956115005 ,  770.4192498383069,    32254.972253501965   ,  20.007101830448978, 148.73068195198547, 113.96346905461529, 0.05495520624991018 , 0.0022537090609712615
693.15, 14.21,  4.98, 61.1 , 55.35,  590.5064126962034 ,   18156.9101303593    , 1806.0377296646566 ,  972.7883883844647,    71343.57267256326    ,  34.96149286272998 , 102.73855076130326,  84.59296062543338, 0.07418258145742132 , 0.0022317328399446053
305.19, 20.05,  2.71, 82.56, 46.38,  960.740812130933  ,    3083.5405907045065 , 2437.4490445314013 ,  899.5856582252452,     1123.9226062043601  ,  23.37737654238066 , 125.40371772382672, 106.88078361889029, 0.05870847667410971 , 0.0016536656112200276
496.71, 18.37,  2.58, 61.94, 54.92, 1012.5110171488886 ,    3494.332620617789  , 2020.1560582277955 ,  987.1835988654971,     1133.5227820523933  ,  20.122882587011784, 119.11134895124393,  88.67199963768306, 0.07117285757061484 , 0.0024546988035111543
637.85, 17.24,  2.66, 54.13, 45.65, 1036.273141753641  ,    3339.8175598311436 , 2164.4874569389754 ,  875.1085474044644,     1103.4773054767536  ,  21.86263646608329 , 116.88586397430014,  97.66461468982847, 0.06489917953129848 , 0.0023495890428466694
567.61, 11.68,  4.22, 55.6 , 59.9 ,  813.9808844999567 ,   49880.46857239591   , 2285.8265736240373 , 1118.8492034145968,   307521.7876227415     ,  35.46848444663441 ,  89.20459652367059,  76.51903556110602, 0.08324010609193373 , 0.0021401422714596467
445.21, 20.21,  4.74, 82.52, 52.35,  623.4360622543893 ,    3521.8929932448887 , 1564.9140791170173 ,  868.0627015166752,       39.770788939787835,  28.965868787373367, 129.22313479622176,  99.16139964474955, 0.0621611699058048  , 0.0036042887009235117
262.44, 28.45,  4.25, 70.57, 46.62, 2109.1303772205    ,     557.1967414139959 ,  562.3308637178541 ,  695.2082676267963,       28.458435573313356,  22.495472840304362, 167.91812645899444, 127.84369775305048, 0.05211466039607183 , 0.0036860047344281287
135.75, 17.52,  3.39, 84.22, 51.73, 1035.5522723219337 ,    6330.20142791903   , 2596.0014414529683 , 1190.5227981211883,       52.27621893045557 ,  32.324005445092475, 114.33600355720995, 100.66413338736633, 0.06429372898570399 , 0.0017730361846083295
262.5 , 21.23,  2.64, 70.85, 44.25,  994.0370755298155 ,    2861.058267557528  , 2605.07535677222   ,  862.5329620944724,      921.4541487455774  ,  23.81721933017589 , 131.35777262736315, 112.85428218163003, 0.05687116326554022 , 0.003357011225173463
354.38, 26.33,  3.9 , 92.89, 45.25, 2250.133673502647  ,     588.9615957744994 ,  287.3316518529608 ,  699.0210776348699,       35.95166031404045 ,  18.709017840823098, 157.57556850711245, 125.80547447896608, 0.05077454073687255 , 0.0018507365167563464
130.73, 10.15,  2.36, 61.07, 45.13, 2032.2804376001623 ,   10434.945189979144  , 5689.449565548372  , 1369.400466652919 ,      942.2498911880693  ,  31.1541186388048  ,  77.53558289588317,  94.04398200044552, 0.06952221256670815 , 0.0015343901242400946
615.71, 19.9 ,  3.23, 79.46, 54.36,  731.5164833337877 ,    2587.500302000578  , 1668.2468774396666 ,  904.8940617667675,     1210.262458519682   ,  23.73419466643195 , 128.60976794045737,  94.22895737568804, 0.06520019478238644 , 0.0024874169444636047
462.2 , 17.99,  3.89, 85.46, 52.64,  683.8823608726493 ,    2403.834595029855  , 1910.2102645864966 ,  932.1367712579025,      907.9894594639657  ,  28.79510222875654 , 119.20416669158112,  95.45955791023765, 0.06463249817536561 , 0.0018897869025852698
276.25, 22.61,  2.31, 84.95, 53.99, 1065.0025306743746 ,    3256.0482486880915 , 2303.4766340370156 ,  985.5200097031523,      999.0037556685888  ,  18.934415659900772, 137.13973707684968, 100.34551245515168, 0.06281724443690088 , 0.0028979816801246254
147.46, 11.88,  4.79, 91.98, 56.31, 1998.9076769558474 ,    1207.726524866179  , 2195.966534930269  , 1316.1877259914565,       77.18096293334207 ,  16.596912994741416,  88.88098833616033,  90.17639160003387, 0.07106125814125482 , 0.0015683196219375682
192.84, 16.34,  3.31, 55.44, 41.37, 1059.5989192073052 ,    6239.432621212832  , 2614.5777591682177 ,  953.5318290956657,       50.77450908135378 ,  31.539340456928844, 108.62646427737143, 108.8401328678803 , 0.06045703154994006 , 0.0018502644478681923
550.99, 27.92,  2.06, 53.36, 56.52, 1016.435518442229  ,    4442.48617244985   ,  916.7862069052911 ,  832.1092145044263,       13.782149065126646,  15.81262962288708 , 165.2625252316213 ,  97.89563817326592, 0.06758897482309091 , 0.0042624542348570485
223.43, 22.61,  3.21, 71.48, 46.05,  986.2778595692467 ,    3175.3493313178574 , 2075.7257637877306 ,  862.3912615103839,       32.35700457597872 ,  26.73808786327858 , 138.6288303981477 , 114.14951954634319, 0.05687577732752415 , 0.0020814750233389377
346.36, 28.4 ,  4.03, 91.67, 41.29, 2281.1268236756105 ,     382.6660394656983 ,  300.38427031886056,  586.2504105670312,       38.25140673260836 ,  71.32244479790441 , 170.21314372594398, 146.28742520713345, 0.04475227701384656 , 0.003058671208653335
513.19, 27.71,  4.95, 60.6 , 58.02,  443.7199428458985 ,    5304.229964087285  , 1233.0571208602662 ,  782.119038161813 ,       57.981268673647484,  26.064577232155937, 167.81286554831223, 100.48040249646874, 0.06523772851323201 , 0.0033769617247664794
402.27, 21.35,  3.33, 74.04, 58.64,  669.0700316119448 ,    6211.595080555711  , 1730.5897991959257 ,  970.95550955538  ,     6120.678523927752   ,  24.843298957585304, 132.57087391051067,  91.78937735429234, 0.06859059470542045 , 0.00255379731653647
173.67, 28.47,  3.47, 98.44, 49.82, 2593.9087741538756 ,     811.6086216877892 ,  681.9229305959608 ,  830.4213071529005,       29.424266472966725,  18.25893472582441 , 167.02273341919576, 123.74690620824336, 0.05273879587400029 , 0.002271130668954794
356.81, 20.95,  2.64, 78.01, 53.76,  921.7046821558565 ,    3624.109629695751  , 2091.600310587236  ,  961.3151220524187,     1272.4315220799258  ,  20.864169012355024, 129.867834585518  ,  96.84448349757213, 0.06466849033241116 , 0.002092525789175101
160.91, 22.25,  3.21, 79.93, 54.22,  934.0093727582523 ,    5472.459893964729  , 2258.4964092664695 , 1076.5976826770843,       46.04246934296608 ,  28.404537430523654, 136.87975877680913, 103.44533461430215, 0.06292784189570864 , 0.0022420755919496946
459.1 , 22.88,  4.72, 76.91, 53.91,  561.0334467820414 ,    3653.9689000415233 , 1446.4435794556039 ,  833.2699497960613,       41.00627072044242 ,  27.750552838478125, 142.51402082163202, 101.16088954007078, 0.06205679303799546 , 0.0024763262875331475
410.58, 14.34,  4.01, 98.12, 44.05,  843.1683851025522 ,    7719.032688744297  , 2273.0319460499472 ,  920.7565223352817,       67.24972198881733 ,  33.273233074495685, 100.78557703400811, 101.61063829752018, 0.059732685264031436, 0.003232765866169642
157.48, 29.2 ,  3.14, 99.27, 57.69,  973.8283674467517 ,    2884.6902673337113 , 1983.5419633922638 ,  994.5819878634683,       30.617771953976945,  25.817904834404253, 169.4412446088999 , 111.75650746319313, 0.05828376749591365 , 0.0025728160882824034
464.84, 27.01,  4.77, 95.79, 40.81, 1988.9218396520494 ,     389.99143971773515,  451.89135335043954,  575.3416938375999,       30.692478977072245,  32.86162835571527 , 164.8433137620049 , 143.51352898339965, 0.044854391502080634, 0.0037599133591493645
175.9 , 18.66,  2.51, 86.65, 58.89, 1168.6057572642192 ,    4408.135872691732  , 2850.9405694478455 , 1250.3236301949285,     1251.913975310878   ,  24.100805603341463, 118.93705027243257,  92.02424547999676, 0.0693284558581566  , 0.0020846388923651316
678.93, 21.87,  2.38, 86.4 , 41.13,  979.4847031756296 ,   28352.403191043224  , 1845.9507104789702 ,  730.519692854648 ,      176.8004262065064  ,  19.29681325767632 , 137.4135161298256 , 120.1479229873203 , 0.05159577839493003 , 0.002004066431459907
592.61, 20.01,  2.33, 70.3 , 53.6 , 1697.1702489007607 ,    2355.998907553087  , 1001.0011985162561 ,  931.2247874844494,       29.516247087931053,  13.00643807436073 , 127.13974473572716,  93.0286752389868 , 0.06664640481637009 , 0.0025295814820087215
352.61, 11.39,  3.8 , 99.83, 51.16,  997.0903886967878 ,    5531.880344572843  , 2793.4382441941075 , 1112.8798270819425,     1236.2155383206987  ,  34.13418710912476 ,  85.40209902679426,  89.05360775881631, 0.068723901125964   , 0.001229376474689079
681.84, 29.51,  2.11, 85.56, 54.72, 1623.9879241090857 ,     992.7792678254285 ,  291.04649333957775,  762.5062677980912,       27.688994182199725,  83.41447666458595 , 174.11399351244305, 108.78510209774818, 0.05711652357227475 , 0.003490459129318744
599.4 , 17.97,  2.82, 56.43, 42.12,  910.7129114454087 ,    8059.890204880475  , 2185.6908850495215 ,  818.311567485779 ,     5773.432676361887   ,  24.3232255395961  , 118.9780918392535 , 106.05330072757181, 0.059894769011811906, 0.002039941455378457
356.06, 27.83,  3.85, 96.08, 45.99, 2199.214882552064  ,     573.6787193550679 ,  281.98200970683297,  680.3331376970353,       35.31142890747387 ,  18.85732632970451 , 166.65350795964608, 128.64139363918432, 0.04988903822971413 , 0.0021703255768519654
404.23, 23.17,  4.29, 52.15, 53.97,  582.4222381620498 ,    3992.410540718283  , 1545.9706298490046 ,  853.2951615210375,       42.20123765257788 ,  27.776462847504302, 143.061653991862  ,  96.92551902700183, 0.06873900225399039 , 0.00308216187369543
514.95, 22.59,  3.46, 72.88, 54.66,  602.7282579800166 , 2635542.966102869     , 1587.2801160329823 ,  871.1271599146996, 25566076.436787512      ,  24.940125309797068, 139.9269372185461 ,  97.45921832776291, 0.06442123508870413 , 0.002662153405112566
380.69, 24.1 ,  3.57, 82.87, 51.19,  653.6786181063619 ,    5958.663051062034  , 1699.0339342315037 ,  827.6648431056524,       53.767162116488194,  25.954363768760896, 146.52481889533868, 107.3624467245155 , 0.05880783246651268 , 0.002340906727248513
381.51, 24.22,  3.84, 64.12, 57.56,  567.6941943656997 ,    1707.7229721650695 , 1590.391569380109  ,  894.8982748981621,      830.1060297276218  ,  25.462310183736804, 147.16564786642812,  96.23532877350449, 0.06729892509131095 , 0.003003308535416952
415.45, 12.51,  3.67, 70.19, 53.39,  942.0470073481455 ,    5002.431176421374  , 2552.0147600517867 , 1089.1989511162635,     1308.0881601973322  ,  32.167867948156285,  91.33899273925758,  85.73541031674358, 0.0727388556418877  , 0.0016969450095155522
416.27, 13.9 ,  3.84, 60.06, 53.19,  836.2441919738449 ,    3880.228833825194  , 2310.958614718457  , 1045.0101410654636,     1086.5651656523341  ,  31.51824860759366 ,  98.3685523184982 ,  86.47826506386244, 0.07347833637298096 , 0.0019436620795832303
160.21, 22.23,  3.1 , 89.74, 52.09,  973.9282755875714 ,    5719.122298564815  , 2336.831665869306  , 1048.0677668267435,       46.530652521514284,  28.131756958000853, 136.22384899011692, 106.63440693852353, 0.06037775140894519 , 0.00196232665778866
659.43, 20.28,  4.83, 68.5 , 43.5 ,  623.3623673612439 ,    2369.4013994825787 , 1549.8911181637602 ,  727.2017429572255,       31.42352393526261 ,  30.57232448333353 , 135.46641661942098, 113.32575878654534, 0.05563867466019781 , 0.0020325175386217494
103.52, 28.98,  3.12, 55.61, 59.02, 3344.2329547126333 ,    1079.2017613598944 ,  840.7702477238578 , 1161.4921905930614,       32.07156969515123 ,  18.199302319807508, 169.76549279814554, 109.17410270478327, 0.06664889926799726 , 0.004857829700843632
116.63, 17.7 ,  4.13, 84.47, 58.69, 2832.0617583453827 ,     938.8856446922692 ,  903.5238959637455 , 1324.344538927984 ,       33.655079345895835,  23.84893221075212 , 116.97603344636201,  96.29670473870715, 0.06847993517599762 , 0.0021199554644290683
518.24, 21.19,  2.35, 97.99, 47.07, 1061.7652774110068 ,   11602.367595317528  , 1791.9724822097753 ,  842.2987979188775,       76.6885470024824  ,  18.486147565639246, 132.40109046504125, 107.28748738689485, 0.05711051625735281 , 0.001987856937974451
484.98, 12.96,  2.49, 74.01, 41.92, 1397.041063170447  ,    5711.059256516274  , 3195.979653439524  ,  966.4970676311588,     1291.0437270921002  ,  25.22012231485738 ,  93.1057321234967 ,  99.07146919763912, 0.06218698223566178 , 0.001393653053729193
575.24, 24.44,  2.48, 61.72, 58.15, 1113.541500272358  ,    2920.20423356743   , 1069.452539442467  ,  890.232998375794 ,       32.468801142402484,  14.332883222990942, 150.2619807660592 ,  93.01977096429526, 0.06859704076898945 , 0.0034685297543498757
394.88, 10.37,  4.09, 93.51, 40.32, 1020.7628479193531 ,    5328.025477720356  , 2961.1119143013552 ,  977.3082345699801,      884.1566147516181  ,  36.340649547661066,  81.50216950145959, 101.42205500987068, 0.06086271030729561 , 0.0018027840988279707
311.84, 23.69,  2.16, 73.98, 55.22, 1102.7709192634534 ,    2941.774978920329  , 2156.7643490651944 ,  961.843041697898 ,      867.0939152280495  ,  16.080535934832124, 142.27177119276482,  98.65991456994348, 0.06415377243085034 , 0.002267021865215673
232.68, 14.17,  4.1 , 53.27, 44.32,  960.6202227773045 ,    4180.618904757116  , 2376.936601314449  ,  995.699433694304 ,       42.024046820055396,  34.51103176231052 ,  99.20690895448648,  99.46317559445929, 0.0659650837640492  , 0.002002791671678795
221.79, 22.16,  2.27, 82.45, 40.81, 1128.436769971617  ,   40349.00305016143   , 2602.186371205921  ,  819.6442347166904,    75102.62900905636    ,  23.04529213561956 , 135.58621483947874, 124.16652959018667, 0.05169674091785729 , 0.0017412676035293987
367.37, 23.36,  3.06, 60.17, 59.74,  697.8948244141058 ,    7844.431920612043  , 1718.913672695507  ,  968.6054528120368,     8770.356213898993   ,  22.685774920959105, 141.6923511321799 ,  90.91207255027233, 0.07163177837188123 , 0.0031114443384841757
678.12, 26.04,  3.11, 93.32, 54.78,  621.022981477079  ,    1800.7169465171685 , 1324.4962578157892 ,  796.231745395846 ,     1106.4755952936919  ,  20.22714865958005 , 157.32211244135257, 104.06850934949121, 0.059020466463877826, 0.002951456752825975
382.14, 15.08,  3.6 , 95.86, 43.37,  887.4420697182691 ,    9667.834867979294  , 2366.1361911004687 ,  915.4620388370262,       77.20525444783556 ,  31.64786361173072 , 103.54418266712311, 104.10747173159328, 0.05923695661941402 , 0.00133246297170917
531.29, 15.98,  3.65, 90.01, 50.45,  775.6317890781241 ,    3212.072532880653  , 2066.2137425394053 ,  944.8220995078294,     1181.7184894751313  ,  29.044872768819367, 109.1595877005358 ,  94.78300724962182, 0.06444816948651799 , 0.00181196607402902
647.32, 11.37,  3.0 , 96.31, 47.02, 1233.2128857757195 ,    6573.4064314366215 , 2876.3917568171373 , 1029.8141528008202,     1587.8634545531702  ,  29.072182162604992,  85.92832893820754,  91.10001288113341, 0.06614104379281263 , 0.0015037462084434901
211.71, 22.65,  3.77, 66.41, 48.78, 2631.0703500183763 ,     746.2225246037933 ,  318.776175332608  ,  893.7108623941227,       39.46236110203044 ,  15.305849898470916, 139.11658523421096, 109.5735345405198 , 0.05993144390861701 , 0.0022888620943202903
450.16, 14.1 ,  2.03, 95.2 , 55.79, 3424.669571379995  ,    1880.2845076334938 ,  405.69345595810233, 1130.3193063690003,       40.96658042628591 ,  72.29061517213952 ,  98.33487374132321,  85.49239050580987, 0.07082446366515684 , 0.0018039344028870543
686.46, 21.86,  3.9 , 99.24, 48.14,  567.8919745130356 ,    2361.3510415948313 , 1570.8159558327418 ,  773.1714978450801,     1393.134392101765   ,  27.056664868383653, 141.13297574476888, 108.75948574912096, 0.05619403805804613 , 0.0022273515192533554
504.67, 13.82,  4.8 , 86.73, 47.87,  857.4324050247183 ,    1600.5563954989225 , 2040.7389075499757 ,  934.0019327527558,      184.26249825999233 ,  28.954691079384784,  98.99417731209101,  94.73063825892548, 0.06311094313023195 , 0.006489509607302354
449.79, 14.49,  2.48, 75.07, 51.02, 1269.8875734805401 ,    5231.511358916493  , 2688.1400180257697 , 1050.1520559960422,     1301.6556097755292  ,  22.692432860256964,  99.66154116594132,  89.46268845636885, 0.0689091008379226  , 0.001710873766784885
463.41, 17.34,  4.42, 74.89, 48.72,  688.732674066844  ,    5409.906714749495  , 1836.7899400265783 ,  886.5918206315202,       53.68959551743072 ,  31.18060664093146 , 116.13847160923403,  98.82588013724683, 0.06266481424721541 , 0.002563755933747361
490.53, 16.48,  2.35, 85.91, 56.11, 2314.4092632183056 ,    2264.9042567840293 ,  908.3094343962392 , 1052.1964429059226,       37.178605021171904,  11.620029712983488, 110.63435665910053,  87.74146311152691, 0.06951496994743936 , 0.0020643844248631233
118.4 , 13.27,  4.79, 67.47, 40.52, 3143.367190837634  ,     947.9584852098958 , 1196.6774037769305 , 1050.6233625292516,       31.007972918495113,  30.97826334307068 ,  95.63289729437633, 112.31461224284892, 0.05871467189240702 , 0.00153949032311934
468.04, 29.92,  2.3 , 55.53, 45.51,  822.3924181862058 ,    1955.772050132657  , 1786.661635335751  ,  652.5259648799627,     1362.2499805141165  ,  20.12461522615471 , 176.71316509229848, 127.50723380622736, 0.05302057366260283 , 0.0033478459201870593
272.26, 26.3 ,  2.34, 98.96, 45.8 , 1011.2597647227323 ,    2758.1500984276704 , 2445.869532897447  ,  781.4912752353101,      994.0747408461835  ,  20.197070884209257, 155.78661028548134, 123.11059273225632, 0.051738119559586244, 0.002313061566432612
170.98, 28.08,  2.26, 66.29, 42.03, 1172.0916240067265 ,   19902.73872628765   , 2629.074000120749  ,  733.6946753006848,      113.93472729546558 ,  23.966571309275988, 164.6273129676651 , 139.36956437010667, 0.04889572756243033 , 0.002565408427716835
231.27, 18.74,  4.16, 75.64, 59.29,  721.6222372967945 ,    4692.645305179871  , 1925.0736120392064 , 1100.1384489848033,       46.4991174609453  ,  31.230959314160867, 120.4087916203599 ,  91.11586638657825, 0.0704768356039713  , 0.0030463972919347443
308.04, 12.88,  2.51, 98.36, 40.29, 1426.7083168152024 ,    6148.652690690539  , 3542.44623648608   ,  993.9311481729093,     1321.1656847695522  ,  27.053962720863506,  91.83481688791552, 104.12087943387263, 0.05929429951132837 , 0.0018291663455547542
225.41, 23.96,  2.87, 66.72, 54.55,  862.4878394576649 ,   12311.948572898209  , 2132.3572658066746 ,  982.3436062218535,       85.51758764726844 ,  24.41054458242283 , 144.18051869417897, 101.32132311287828, 0.06450071975502034 , 0.0024294868560292004
437.69, 28.6 ,  3.0 , 77.63, 51.59,  671.8148491362014 ,   11176.593802881906  , 1627.2575435662693 ,  754.1353333981463,       86.56967491002388 ,  21.640033144719276, 167.8151903926406 , 113.72440514241399, 0.056295458836169036, 0.0028421262554342835
230.16, 22.89,  3.23, 92.5 , 58.38,  763.7468281876777 ,   11085.506089287097  , 1978.924801329227  , 1040.270055150557 ,       85.33620100303881 ,  26.11970437657452 , 139.09747180298427,  98.00283228180643, 0.06456142111638456 , 0.0022293863911547625
383.0 , 15.85,  4.53, 75.78, 56.9 ,  717.617288113941  ,    1962.8776536485493 , 1924.6227353573988 , 1029.830961343334 ,      382.69740180740627 ,  29.54358481324317 , 107.1797639273146 ,  87.34237295364869, 0.07036439996563164 , 0.004475674323929522
368.77, 23.87,  3.69, 84.28, 44.85, 2372.371974950085  ,     672.8846738380211 ,  294.1150269352868 ,  744.1990694477677,       36.41500956831885 ,  16.190455066192083, 145.6876279033626 , 119.4068105433025 , 0.05324957739323368 , 0.001956347972727503
441.08, 11.22,  3.7 , 64.83, 40.15, 1037.476748268262  ,    5332.160664021458  , 2934.6702117059262 ,  953.6568571761989,     1282.1869357781268  ,  34.36854575755403 ,  85.52630781234984, 100.27768245583626, 0.06240571966786652 , 0.0012667917135205076
645.71, 20.48,  2.85, 70.63, 40.92,  865.9864094347388 ,    2324.6383565599745 , 2078.0461246141854 ,  739.5811844935307,      997.268829477607   ,  22.823482887519777, 132.95714144917275, 116.78734991250398, 0.053689151804132466, 0.002006715959113876
128.8 , 13.84,  2.26, 64.48, 47.2 , 2035.046027479925  ,    7400.439091557976  , 3082.276059484726  , 1303.68215765206  ,       49.95445173919356 ,  25.453773573890345,  95.57415811775971,  97.44203877741197, 0.06727574196903814 , 0.0017813689597632088
114.15, 28.6 ,  4.8 , 88.72, 48.78, 2565.7654969337636 ,     614.9638377049794 ,  982.5441078146014 ,  838.4767763659761,       24.416625567569238,  32.439637723959265, 169.5561235885291 , 132.1874450445002 , 0.0513242782768539  , 0.0027307232236827334
397.6 , 15.87,  2.91, 64.58, 59.45,  991.8769248531094 ,    4330.662289629308  , 2269.57602108216   , 1111.9277705429643,     1360.5329697452403  ,  24.592717356328126, 106.07018082135559,  82.52648949768411, 0.07657830156319738 , 0.002190878772740843
138.39, 29.74,  2.61, 94.17, 49.99, 1131.2435181588833 ,    5828.057081937805  , 2479.939957953205  ,  889.5780715789963,       43.24291407530272 ,  25.5211091167426  , 172.15658657994132, 126.5576371019368 , 0.052345746378027344, 0.0024988241542250387
248.72, 18.76,  3.35, 73.01, 46.82,  888.0988841756727 ,    6506.898093517307  , 2237.933162175869  ,  942.0796399647396,       53.554902393027746,  28.908379681981746, 119.93572224409317, 104.77328422379964, 0.06088473086414848 , 0.0018085942935391955
646.5 , 19.06,  3.42, 93.38, 59.2 ,  688.9786990236119 ,    2899.399846315223  , 1561.0806229911925 ,  960.8769348598651,     1474.0594818864256  ,  24.90136003813008 , 123.89933760241836,  89.00888356770898, 0.06796145995523722 , 0.0025198915172587925
397.71, 12.67,  4.5 , 79.47, 52.04, 1117.2930083535803 ,    1639.937271806077  , 2142.411260151098  , 1046.2841259487006,      112.36623745520576 ,  26.18101164603283 ,  92.24835209087956,  88.90294764721439, 0.06941033960524522 , 0.003593794823845289
431.25, 28.37,  3.97, 79.21, 47.86, 1877.7483767172155 ,     587.4730037333978 ,  458.06891987945244,  680.793945334137 ,       28.463191160068217,  17.65692455751556 , 169.72831077857327, 123.36595689173505, 0.05238295268576301 , 0.0025419797270159203
535.22, 16.86,  3.04, 97.1 , 43.03,  914.1390819623433 ,    3271.921027651731  , 2311.750657034052  ,  855.3741570225874,     1184.8868627190673  ,  25.93743798997547 , 113.24159609091731, 106.61085617740542, 0.05739576276911311 , 0.0016177969536550134
123.69, 16.93,  2.23, 86.46, 54.77, 1699.0600846811872 ,    9939.522138366043  , 2907.1733064124173 , 1382.354587787925 ,       60.542561238165135,  24.473708011281346, 110.73584943342784,  95.83508162361663, 0.06753215151657438 , 0.0018647300750488508
176.07, 27.23,  3.55, 51.04, 57.2 , 2442.508683058966  ,     792.2787461271495 ,  545.3389350698967 ,  979.0071333576493,       31.664324603861033,  16.077707828740795, 160.7305198052191 , 102.28071546021233, 0.06908553498488822 , 0.004300414193801269
150.88, 11.86,  3.13, 86.08, 54.4 , 1262.5596380616798 ,    7201.11339520494   , 3463.0280635724353 , 1376.2624121840588,     1653.6986637238551  ,  33.3180307191197  ,  87.041986842623  ,  89.10667276031039, 0.07163383115742257 , 0.0015639705672190695
291.22, 21.91,  4.65, 82.24, 42.71, 2139.6524681384603 ,     604.4183856586299 ,  840.5851667164958 ,  743.5372466225083,       23.59657501476065 ,  27.151715099120516, 137.70755190849633, 122.18632939573702, 0.052551662775787496, 0.0025653341007107833
566.94, 21.89,  4.75, 53.62, 42.94, 1977.3366693426253 ,     430.2607830684621 ,  284.0985433842052 ,  698.2986269481239,       37.145898657245276,  45.57753935034376 , 141.0306598347185 , 115.15971720855562, 0.05665322330712703 , 0.0025747123306528417
673.72, 27.44,  2.22, 78.11, 41.87,  821.8618359238702 ,    2319.7925193243686 , 1470.1879323958967 ,  628.1622033159139,     1818.223340716793   ,  20.1103403387488  , 165.68558659121948, 134.05085146205374, 0.047948185426510116, 0.0025066661838182617
277.18, 28.49,  2.4 , 92.41, 40.77, 1235.0519232804827 ,    3962.8160551668625 , 2164.4123962595113 ,  638.5818891916465,       32.98586291595113 ,  21.922497630747188, 168.3058937114916 , 146.41365318509125, 0.04494849050429384 , 0.0022889505535456816
640.3 , 15.3 ,  4.2 , 58.05, 49.87,  699.6094348968621 ,    2847.7704142523535 , 1944.0074067151102 ,  923.5302229355872,      899.1934702248059  ,  31.18135288138777 , 106.75716714396637,  90.93107883635562, 0.0693791973514481  , 0.002125602010643239
562.47, 28.12,  4.08, 56.86, 43.53, 1943.2916269849406 ,     341.7634492797223 ,  272.1745041109047 ,  602.5872823320892,       35.27639543822238 ,  85.50809407321462 , 170.73726497224135, 131.07929358588208, 0.05144201254320729 , 0.0029825390652859513
593.42, 21.9 ,  4.44, 51.26, 46.58,  579.1754206528997 ,    4331.803606022727  , 1547.9324447053073 ,  749.9363595364745,       46.20986353737244 ,  28.726802135427334, 141.15432713575672, 106.44268768152446, 0.06172813114014824 , 0.002702289591491933
449.66, 12.31,  4.87, 64.59, 46.06, 1425.8098657768494 ,    1137.1026718099533 , 1961.5735010288554 ,  956.9889623541209,       83.12384291945563 ,  20.4436779102348  ,  92.41760588095467,  94.427831236637  , 0.06643711496283612 , 0.004350538052963877
599.81, 23.77,  3.18, 74.46, 47.11,  682.8390518956523 ,    1824.929195415225  , 1690.0310063650904 ,  751.8121651571046,      989.4607783896918  ,  22.8192309044403  , 149.452580254214  , 111.83672924367745, 0.05612516046717993 , 0.00252005228099965
394.24, 20.31,  3.27, 68.17, 47.02,  771.2882710567333 ,   10937.003495343823  , 1988.9991013985614 ,  854.7704482974018,       85.15813917028564 ,  26.479732197443518, 128.38776238839034, 105.0336439800667 , 0.06044113777764637 , 0.002101668304547387
136.04, 13.18,  4.64, 83.15, 59.46,  976.8650303339069 ,    3803.2916319719075 , 2401.9739329576128 , 1370.9983660581934,       41.503598232772354,  37.26155032154881 ,  95.17071780420882,  89.0240498610954 , 0.0731004690989027  , 0.0018148695592735018
412.57, 14.13,  3.96, 99.17, 52.36,  809.9684212878743 ,    3496.380821815699  , 2277.5519192424917 , 1027.5333815463662,      955.3708950862889  ,  31.655662213304357,  98.9124425201821 ,  91.22857258705741, 0.06692634140343566 , 0.0014317217230769346
269.89, 28.43,  3.53, 89.37, 43.75, 2486.05666786836   ,     729.522437888269  ,  709.1204951100963 ,  661.7839471600334,       26.76551262813933 ,  19.999966772802974, 168.75019465952823, 137.1837952224812 , 0.04776822699076038 , 0.0021788756393628927
661.38, 15.24,  4.76, 91.03, 47.36,  886.2701758267613 ,    1372.4014789418547 , 1731.9286534667146 ,  877.1240906990902,      114.17119877689142 ,  25.207231727231346, 108.03017824592237,  98.56008533896684, 0.06194961661178098 , 0.0016920818112119802
589.53, 10.23,  4.26, 50.84, 53.86,  933.8462912411717 ,    6722.1428962977025 , 2576.1413102663223 , 1094.3850125403235,     2175.376602662893   ,  36.13861382921179 ,  81.62385471026482,  79.11348013171286, 0.08064229947819368 , 0.002015560028444101
143.1 , 26.76,  2.61, 98.76, 42.99, 1275.375073444393  ,    4539.689207555266  , 2568.3247520997725 ,  803.0167877634858,       37.15707515412884 ,  26.29249942890019 , 158.29460207789947, 136.2654563099997 , 0.048346519217507225, 0.0019754081811485546
187.75, 13.7 ,  2.59, 70.64, 58.94, 1356.930704589181  ,    6542.330431025326  , 3316.1432874524958 , 1356.533174081413 ,     1498.8540089855717  ,  27.06316751044929 ,  95.1629336099415 ,  84.25822847490969, 0.07646878734977594 , 0.001987571789198798
305.09, 10.5 ,  3.04, 89.49, 46.41, 1290.4180439456434 ,   24516.626086670996  , 3393.3752205096066 , 1135.7888256190536,    19531.764624440344   ,  33.21652783907248 ,  80.04426529658804,  91.88224071374955, 0.06705484105161706 , 0.0011242066934623195
471.08, 15.21,  2.43, 78.25, 58.15, 1257.6083443026912 ,    4677.955312554649  , 2330.847446857874  , 1102.4331354394296,     1090.8350812661984  ,  20.518684899400153, 104.63768099825779,  83.90333221903836, 0.0731732581188266  , 0.0020691387598480116
481.33, 25.0 ,  3.69, 56.14, 44.5 , 2060.797966849608  ,     700.6781756032844 ,  543.3292346845864 ,  693.5819321281481,       28.563549400708744,  17.211065071888147, 155.46993574649096, 119.23615214941536, 0.055426064539242696, 0.0028396842400142696
460.9 , 26.64,  3.2 , 81.57, 51.25,  633.674490959842  ,   15806.676721486938  , 1611.276350419315  ,  773.5295064352392,      125.68106070732782 ,  23.03554189691015 , 159.98546212154943, 111.19801437064824, 0.05685657119940661 , 0.002678122706640282
361.23, 23.07,  3.35, 94.29, 59.1 ,  664.1985107083976 ,    2223.361840001229  , 1713.6711721225913 ,  955.9783516226835,     1084.3187355702712  ,  24.045985882155392, 141.57526056788865,  95.971957516944  , 0.0647384896434728  , 0.0024335868662230475
539.82, 11.0 ,  4.49, 89.14, 42.42,  998.991448565168  ,    3082.097658597753  , 2550.31395218962   ,  944.1355609183938,      257.7480929663274  ,  33.25504644173542 ,  86.85528503424577,  98.87684768583257, 0.061982609226048146, 0.0012696991244349864
549.21, 15.31,  2.32, 99.98, 52.28, 1332.0803907827828 ,    4525.340366406035  , 2418.850308231578  , 1023.602177821374 ,      845.2717605574167  ,  19.285607996078042, 104.9529851645917 ,  90.61249619265966, 0.06651030665329144 , 0.001889852924457811
654.03, 25.87,  4.06, 93.28, 44.48,  600.2991836662937 ,    2979.8968692701137 , 1484.6045265126745 ,  652.261498372944 ,       34.22941240741965 ,  26.803619520985627, 161.7242069253105 , 126.54234155842396, 0.049836636129222636, 0.0023508161609950558
326.63, 12.68,  4.87, 75.31, 54.25, 1706.5186006469612 ,    1032.7305351917196 , 1771.8571010229894 , 1082.5109305964213,       73.45253746524557 ,  15.329473150155774,  92.6972642597051 ,  87.83779011441027, 0.07168475598766322 , 0.003355726373144001
424.4 , 13.37,  3.4 , 56.35, 45.91,  972.5873356552687 ,    4627.703966885809  , 2623.82926308219   ,  986.746833007856 ,     1330.8101665630084  ,  30.617528897794784,  94.9462403387988 ,  93.14959107885831, 0.0682600237215858  , 0.001754828617076525
532.9 , 27.84,  4.62, 66.87, 52.57,  506.1082348367457 ,    2961.070566607383  , 1302.8851225587596 ,  721.735696059268 ,       35.126422356140964,  26.15835400457377 , 169.30146188424203, 110.79031204267172, 0.058475135240589775, 0.0029641594683291867
604.38, 17.24,  3.21, 56.21, 44.84,  835.2400146286909 ,    3104.3381762466142 , 2102.3087783266396 ,  858.5729419534791,     1205.9645626006263  ,  25.967610748128596, 114.45731624760457,  99.73711854221519, 0.06366523361747138 , 0.0021269008727687975
681.47, 22.9 ,  4.65, 96.53, 50.06,  494.07114488199954,    1220.6458025112315 , 1415.7050545256345 ,  759.4375760687831,      509.04290842053877 ,  27.54485147681622 , 146.6184540074558 , 108.044421397012  , 0.0568724471533301  , 0.002336836330889682
521.17, 26.73,  2.65, 99.63, 57.31,  769.093852593323  ,   10719.826026882727  , 1365.507285274186  ,  849.33782827976  ,       84.65856118297265 ,  17.658046812874588, 159.11052854311586, 102.10425890073223, 0.06023286796634697 , 0.0028221345769081723
308.26, 26.26,  2.26, 74.75, 52.04, 1006.3909460595896 ,    2359.5515495638024 , 2169.7312672535472 ,  862.3686942688732,      861.1741285424358  ,  17.37932697783089 , 155.16230259248292, 107.87357710240228, 0.05893520507168561 , 0.0026129746231244944
379.86, 22.07,  3.22, 94.43, 51.02,  722.7938512574556 ,    2289.7238249136285 , 1910.5779051724535 ,  874.038384325826 ,     1060.8834635452838  ,  24.386366318390362, 136.35027490726773, 104.40582730865295, 0.05949891327013349 , 0.002060085502852456
168.14, 14.05,  3.33, 68.94, 43.75, 1053.3464218066208 ,    4810.707828118458  , 3042.5037419434334 , 1082.5488752771112,     1379.8066170700424  ,  32.86788933087682 ,  97.57418956527587, 102.87866151179361, 0.06264445590003366 , 0.0015016851365102434
622.37, 20.79,  3.87, 56.99, 48.26,  608.5073387098586 ,    1860.2827095097261 , 1665.5913056520383 ,  802.583462630775 ,      912.9255566867574  ,  26.88130260212855 , 134.409679444865  , 101.6322946562269 , 0.06314429336363882 , 0.0026438523699422243
689.02, 26.97,  4.07, 99.91, 40.46, 2009.2457824763176 ,     354.0161102863906 ,  280.8121473089501 ,  567.927618024469 ,       36.34427522166494 ,  92.34412349171507 , 166.610763935829  , 143.58143480328897, 0.04484010803753803 , 0.002042772330622246
427.76, 11.41,  4.75, 50.36, 49.48, 1294.6995952091709 ,    1472.1443084196496 , 2174.3697855949918 , 1031.7232985697094,       98.57039921353743 ,  24.761539565382073,  86.53464423588272,  86.00579860516629, 0.07459690853507302 , 0.003164863249460749
163.04, 16.65,  3.33, 74.83, 47.91, 1017.9324065114    ,    8074.2080406905825 , 2610.4451080118974 , 1094.6213344085088,       62.51890189887306 ,  31.705127048468757, 110.07868186644652, 102.10648162344523, 0.06318365147642142 , 0.0017125468159134899
695.22, 22.75,  4.79, 69.61, 55.83,  465.6455484146904 ,    1293.084668465918  , 1304.0122434811055 ,  819.4780075424222,      549.3254622865916  ,  27.509701092938787, 144.51106414682712,  96.57841029580283, 0.06509182663446639 , 0.0029030123081178645
327.34, 16.18,  3.95, 63.73, 44.63,  858.9602516104004 ,    4405.892917044874  , 2153.1526117851154 ,  909.0590983274401,       43.246075681225726,  31.985072929371068, 109.08356966429989, 102.12145859269334, 0.06182336279842856 , 0.002733509733917965
503.33, 13.25,  3.68, 86.74, 53.22,  886.5217344191436 ,    4497.810684359395  , 2359.0264824430665 , 1045.795416657678 ,     1308.8029355223957  ,  31.25116364305471 ,  95.21340648786561,  87.73289403374916, 0.06964339042443712 , 0.0016772878679536076
117.77, 19.65,  3.93, 59.46, 48.69, 3117.5508456532893 ,     899.3073821893956 ,  473.99983817553533, 1087.3597983301272,       43.264318801980565,  17.616389738606454, 125.58415932554063, 108.32996837593839, 0.06294830919246362 , 0.0025208561106470477
521.09, 23.77,  2.31, 80.84, 48.73, 1012.6361104128226 ,    9671.681730951803  , 1610.0164501863037 ,  813.1096105464911,       66.10589354718354 ,  16.97068001237269 , 144.820064184178  , 108.15088889644747, 0.05762249648006747 , 0.0023561189906715105
683.68, 22.39,  3.88, 70.01, 40.9 ,  683.2465869764712 ,    3397.5621537797742 , 1669.1288039136348 ,  672.9614508757031,       36.81447299109217 ,  27.826828783662165, 143.7073107854747 , 123.51892641714133, 0.05150255752030207 , 0.0020502627710403116
347.76, 25.85,  3.57, 72.35, 55.65,  615.6974733079412 ,    7160.427133275144  , 1630.8510843786003 ,  863.7545690389092,       63.50307767859007 ,  25.37897800429375 , 154.5326760978824 , 102.66682363681393, 0.062602052202398   , 0.002833188336227553
104.19, 21.69,  4.33, 67.96, 43.12, 2883.1119150320183 ,     815.7975223111939 ,  956.3287729356003 ,  926.7670714177499,       31.398779088450862,  28.16772078629581 , 135.8477929899539 , 126.2568683009095 , 0.05387069274393213 , 0.002248443936818061
668.6 , 22.21,  3.2 , 62.81, 55.94,  673.3947038625829 ,    2254.4311983779994 , 1475.3329984896452 ,  873.9700951974448,     1185.3825023389356  ,  22.229292935099394, 139.37609038854643,  92.96063432476763, 0.06795727144524094 , 0.0031187033895221754
238.05, 11.34,  2.6 , 66.24, 49.13, 1521.4663656117189 ,    8114.740507964564  , 3773.04707000199   , 1214.5264701739595,     1575.359370866716   ,  29.027456445389046,  83.77877422490987,  88.76622366437319, 0.0715531809902764  , 0.0016204288244668053
110.71, 11.88,  4.22, 56.59, 44.53, 1458.4710779095924 ,    2315.485844113245  , 2943.3343798441188 , 1226.0977594038318,      119.51930776013359 ,  29.741864680906662,  88.37685220603865, 101.80613939040369, 0.06611174883748376 , 0.0018673901602255813
661.67, 22.04,  3.1 , 70.01, 46.64,  717.3248772135063 ,    3806.2491546270044 , 1741.364688980997  ,  774.3467149829387,     2312.6475771095998  ,  23.445303515008344, 141.07386057427527, 108.42426301642749, 0.05773202094694694 , 0.002470794136541445
695.58, 15.13,  3.49, 95.37, 51.43,  825.3815992332519 ,    3751.4334833123935 , 2025.5479912111102 ,  955.004135921011 ,     1402.3133547197046  ,  28.567875182881053, 106.39314359402347,  91.82085723748385, 0.06563504721157176 , 0.001953721288698177
349.88, 27.32,  2.25, 56.49, 54.47,  963.0902542079882 ,    2323.1178134671068 , 1944.2470764270145 ,  863.6613557514744,      885.5174410795107  ,  16.04476336516468 , 159.43265317213962, 102.06954641763681, 0.06497689579223255 , 0.003271619640243983
272.56, 26.26,  4.2 , 90.23, 53.72, 2085.3849901734948 ,     530.3363310889961 ,  281.25359030255964,  842.7199105390639,       35.95723091630641 ,  20.979980123996132, 156.249972619104  , 109.189310235722  , 0.05765104892603709 , 0.0039623883371252226
257.29, 28.68,  3.88, 93.33, 47.09, 2339.4816002647312 ,     585.5764006939273 ,  293.43572278565705,  710.6950190349231,       36.54738255435701 ,  19.717732604461826, 168.84890951876784, 128.80656818863181, 0.05043914390076994 , 0.002091273706291526
486.55, 12.22,  2.29, 51.17, 41.3 , 1636.416089460395  ,    6280.771352896134  , 3745.4118297133405 ,  988.2610384977893,      905.7817704759125  ,  23.919702097853307,  88.95103763572133,  95.29104969122018, 0.06661972228754588 , 0.0016220106357602837
455.2 , 22.11,  2.49, 97.8 , 48.65,  943.899748147197  ,    2687.985671034363  , 2028.380148242416  ,  847.3700348627317,     1028.0159915545446  ,  18.988930700509716, 136.33297581994464, 106.8805879300545 , 0.057658554510847185, 0.0019910864270148523
280.14, 12.19,  3.92, 64.48, 45.79,  955.3219839938761 ,    4519.9149700844455 , 2769.601571934349  , 1046.1593230985343,      809.99337435839    ,  34.37111256787879 ,  89.90894413705232,  94.97562858372548, 0.06700824174569996 , 0.0022734821539745647
682.68, 14.87,  4.23, 96.22, 58.5 ,  680.6691915867686 ,    3412.3903390227433 , 1805.516883479707  , 1012.6755702303707,     1314.5385788304366  ,  31.534180366047533, 104.65537010264387,  85.31038872559373, 0.0706106734854678  , 0.002126258415282706
125.92, 13.18,  2.27, 96.18, 58.53, 1761.1536305467841 ,    7819.908811862801  , 4437.30372746806   , 1555.2447369398874,     1048.8459844811462  ,  27.12978391843781 ,  92.78758041317732,  87.7985523316991 , 0.07288727982258875 , 0.001585480097720581
540.67, 23.05,  4.79, 84.38, 41.08, 2017.183330551227  ,     400.2439065354211 ,  285.5939858444643 ,  651.8885869062927,       37.236961337824866,  60.396653716755026, 145.48433601083565, 127.27792587460267, 0.04893418023549525 , 0.0054269369142773
383.52, 21.56,  2.81, 69.24, 41.66,  907.1412943528891 ,   10783.751106228001  , 2175.4151982940325 ,  769.2481594279346,       75.08842655716099 ,  24.345842788421788, 134.3704630158159 , 118.3154004733674 , 0.05401803394058824 , 0.0018922453683209784
277.09, 10.05,  3.4 , 91.71, 45.0 , 1249.6843207262496 ,    7732.04114832278   , 3462.312812820666  , 1123.8683554964502,     1590.9888543880575  ,  34.99196060784849 ,  78.69289609065817,  94.08229182902429, 0.06577581247407846 , 0.001111997158206078
610.37, 25.25,  3.18, 95.86, 50.13,  613.1260407378238 ,   18205.910778974176  , 1526.4255054935886 ,  764.3326140059033,    64760.1687352725     ,  22.546524564421556, 153.54195379398953, 110.76534753259133, 0.05582871248689883 , 0.002568953523195983
207.14, 16.45,  4.46, 97.65, 50.36, 2460.282322749347  ,     815.6431258209716 ,  917.4015999110576 , 1033.2600877568927,       28.935116212064248,  25.50010987477376 , 110.32985384242173, 100.25902298205914, 0.06289017060969271 , 0.0018359026307464422
105.42, 10.29,  4.96, 96.49, 42.33, 2137.340683797117  ,    1422.710642130717  , 2622.6842758407593 , 1201.8081147053067,       84.70976662212813 ,  20.036318078001152,  81.66563010428014, 106.8339607123863 , 0.06050436586551257 , 0.0011437860209118176
576.06, 23.03,  4.89, 93.83, 43.21,  590.9251731351669 ,     803.3908414966015 , 1583.7373142453187 ,  675.2139588737352,      306.7540638822106  ,  25.66063287281759 , 147.83108939465637, 122.80931485957737, 0.050629941935684146, 0.0032100562176448732
132.49, 15.07,  3.73, 60.39, 55.67, 1013.3775576243877 ,    6853.430694951426  , 2640.3869335919744 , 1317.4456404960854,       57.850652005951794,  34.84227834783399 , 103.00599153792193,  91.3900559181873 , 0.07365106888626653 , 0.0023304296399618983
143.31, 21.21,  3.96, 64.42, 53.54, 2700.114700386192  ,     827.3895012021454 ,  602.4712140753828 , 1084.1674947153494,       35.99496806597239 ,  19.146226627544234, 132.42199806283855, 102.6757410351216 , 0.06526017234347789 , 0.0022750992354175696
454.77, 20.42,  2.02, 62.19, 53.48, 2393.2052939366604 ,    2225.6816104686227 , 1114.9987816961388 ,  961.8832261062626,       15.134048387783155,  13.30233129767693 , 127.68292408277051,  92.916613458685  , 0.06820966912666032 , 0.002578129813575254
242.31, 17.52,  3.19, 85.19, 44.8 ,  958.1288529238652 ,    8987.442403911158  , 2439.262607635175  ,  948.6209938196946,       67.45108289728826 ,  29.24045987593637 , 114.42514912058675, 106.76859238542932, 0.05900382617222541 , 0.001545274606716713
302.81, 19.05,  4.08, 58.19, 49.45,  782.5838873161723 ,    3200.7650281426845 , 1872.795830791127  ,  916.9852378757041,       35.28912627026631 ,  29.92467053285843 , 122.79609770084619,  99.29287959870233, 0.06529333231040187 , 0.0020305996407553204
109.01, 18.48,  3.0 , 77.58, 40.8 , 1246.888702454033  ,    7184.576835822008  , 3004.0755165828828 , 1020.6389499290877,       53.992211661696594,  32.497761755001065, 118.78675178573232, 120.81718221826041, 0.05444328321923478 , 0.0015284602604801265
518.32, 23.88,  4.39, 82.56, 46.83,  713.2711599347671 ,    1678.1320201343312 , 1410.8659156696203 ,  728.7992803935497,       26.522998746517434,  26.30105817643852 , 148.33698823517133, 115.11379694281084, 0.05468734144762076 , 0.0020014840336571595
178.47, 22.56,  2.11, 80.46, 59.62, 1295.6410608927972 ,    3942.169175082101  , 2820.888833131492  , 1188.0721237912908,      883.4124391817171  ,  18.853539957312098, 137.05150624458128,  95.67388384915091, 0.06751641456732456 , 0.0025094340465067625
527.4 , 25.23,  2.23, 92.17, 59.63, 1061.192231239728  ,    4961.931452511822  , 1116.3155148594828 ,  910.7685248722914,       18.231259415976   ,  14.423429921571039, 152.8160771137978 ,  96.18318306984192, 0.0637714153254147  , 0.0029798281414702573
365.29, 24.04,  4.85, 65.77, 54.5 , 1846.2617316041315 ,     457.8785836762761 ,  267.80633430033856,  838.3014282758753,       35.29589333133878 ,  28.74271229105278 , 147.02680780023732, 100.74769318438753, 0.06317315285175046 , 0.0051456379562277044
306.42, 24.16,  3.02, 99.17, 52.37,  753.5709078445079 ,    2238.4761689538113 , 1978.3265779190306 ,  885.919488506928 ,     1042.9477189606694  ,  23.24104320270236 , 145.40379279790375, 106.65007601282097, 0.05867222839271401 , 0.002114090318196638
436.33, 26.62,  3.99, 59.34, 56.69,  516.4581843666106 ,    1344.8791485481224 , 1462.3632399302246 ,  820.3474300307704,      720.2976431283666  ,  24.876444762039288, 161.05134133242774,  99.98461461548521, 0.06586181720191016 , 0.003556329311413108
139.46, 23.25,  2.37, 53.54, 41.29, 1242.93380703488   ,    3305.46167412391   , 3322.540115743574  ,  869.9489075739527,     1127.9065741985596  ,  25.49182922323228 , 140.84949080549268, 126.01910289396653, 0.054569364914523195, 0.002702772666404974
559.56, 16.92,  2.07, 73.64, 42.03, 3480.8379474351314 ,    2032.1768984217115 ,  952.5748092286163 ,  872.8776467966819,       22.991972540068787,  13.470088920065356, 113.1015219606426 , 105.496021785648  , 0.05848366671134783 , 0.0017468055189600853
322.54, 19.48,  2.01, 54.46, 52.54, 3223.2427497052063 ,    2021.0840136899978 , 1114.175520358978  , 1021.8864092392138,       18.270526566970908,  12.909192554127653, 122.06492816477166,  92.07086850281593, 0.0706157338028659  , 0.0024108724049034004
438.63, 18.01,  2.65, 52.51, 48.57, 1013.861427604846  ,    3518.6395931902484 , 2318.8921274592362 ,  934.2693335523122,     1152.7555485336054  ,  22.160747579186527, 116.2635526032081 ,  94.50446754607167, 0.06833639265341376 , 0.0022829870775943916
110.44, 25.88,  2.9 , 90.78, 49.56, 1219.4080897551946 ,    4259.8651886795715 , 2585.565900879773  , 1022.7254675453011,       37.68781812478672 ,  28.966460608525818, 153.74004306523682, 120.74543334014403, 0.05480271551995467 , 0.0019503306883889423
246.3 , 18.17,  4.49, 86.11, 55.13,  807.6022622088961 ,    2297.075922273096  , 1811.4965124845157 , 1031.0212525230058,       30.779101988592405,  31.207758633926094, 118.42374705076814,  95.64335656684021, 0.06616668665260267 , 0.0025906915902546125
184.39, 22.15,  4.12, 57.12, 50.41, 2364.423095930963  ,     738.7891003519028 ,  743.8124643185133 ,  942.7037443690896,       29.257496555582087,  22.279139029234994, 137.10967508887015, 105.85580550846115, 0.06377285300068662 , 0.0029834403634680542
552.55, 24.94,  3.85, 51.68, 48.35,  569.8606492842258 ,    6749.833842258777  , 1545.7396319629263 ,  735.9966290490013,       64.06839681402327 ,  26.491513622988904, 155.46582230513863, 108.72916327073524, 0.06089086890734303 , 0.0033230173489520887
678.85, 29.22,  4.85, 50.4 , 50.22,  505.6231812077104 ,    1701.2426610200707 , 1211.317751637071  ,  652.5858383164923,       25.39503255949452 ,  26.236183391886726, 178.15120622892042, 114.14057718263963, 0.05966420347689343 , 0.004080115527859231
331.79, 19.36,  2.96, 80.7 , 45.3 ,  887.8239236113011 ,    2928.577610994998  , 2357.7854612276915 ,  878.9087393103316,     1120.1686194921722  ,  25.27815842299276 , 122.94102527355665, 107.53701203354007, 0.05834783678901462 , 0.0017148631216056854
309.63, 16.63,  3.83, 59.9 , 50.34,  793.4671100956864 ,    7565.300895154037  , 2134.438211898851  ,  989.473365925774 ,       65.28711031238294 ,  31.152771987593113, 110.4816807221649 ,  94.25015099631445, 0.06835527172192714 , 0.00197705997129356
598.61, 16.63,  3.09, 68.88, 50.2 ,  873.8024828499749 ,    4078.3894013230542 , 2077.1478228311094 ,  938.7961297567708,     1891.2292840705027  ,  25.562139482751494, 110.77598498471271,  93.01230489326501, 0.06658728166940098 , 0.0020650901435089407
360.27, 22.61,  3.12, 65.36, 46.22,  809.2861730934115 ,    6496.450380732472  , 1961.7082519483051 ,  805.9540107819817,       52.51359484044336 ,  25.054601002044546, 139.93060269533163, 110.989432996253  , 0.05805595692648065 , 0.002270511284174328
273.85, 27.67,  2.85, 80.5 , 56.55,  770.577036500246  ,   12120.929175744806  , 1864.964485826405  ,  901.1019486621556,       86.69260227529061 ,  22.33797401534771 , 162.16390438297444, 105.52870575061849, 0.06085479235107062 , 0.002655377314243075
542.22, 25.67,  3.0 , 71.67, 49.59,  690.6301045364435 ,    2074.204436204719  , 1637.7531530464023 ,  760.3085830267676,     1080.0318385265584  ,  20.97692849540101 , 156.5944529356059 , 110.49676853665142, 0.057377805362715306, 0.002771118054736592
674.31, 23.76,  4.72, 63.25, 54.25,  433.14530364805074,    4164.022281001513  , 1330.8624189694187 ,  790.7750408349815,     6430.520139122191   ,  28.338267905569616, 149.4910246264939 ,  99.21595121005801, 0.06436020474424846 , 0.0030131881103309176
276.24, 23.62,  2.62, 81.77, 43.5 ,  978.6545669935382 ,   10545.156204955538  , 2293.1488888611184 ,  792.7170232318676,       69.58690410480857 ,  23.656912086320308, 143.21844861536886, 120.82198114727842, 0.052701070917516295, 0.0017109344546880926
355.93, 20.29,  2.02, 64.06, 55.35, 2851.550940623561  ,    2015.3695272239584 , 1114.3915925417487 , 1020.2965691658886,       16.061173123432372,  13.030196038682407, 126.52820791725736,  91.64278476819179, 0.06952388359909809 , 0.0024337154592512307
321.8 , 12.28,  2.26, 65.32, 52.9 , 1692.5685349123726 ,    6990.07458024701   , 3898.89141225096   , 1182.1132385114354,      770.6970126936702  ,  23.70231864875545 ,  89.72309147335244,  84.72564598359963, 0.07452892139149772 , 0.0027574262979555134
450.55, 21.19,  2.42, 84.07, 50.38,  996.2038270071105 ,   19856.410197798843  , 1882.7318145811703 ,  893.7690842296465,      125.0270683381674  ,  19.49183879819839 , 132.1665845516919 , 101.59662149647588, 0.06094647621029199 , 0.0020795348363893238
569.52, 20.95,  4.63, 84.54, 53.72,  554.797690541525  ,    1289.0370253470958 , 1497.7428596436823 ,  847.7250512776718,      467.2992289423876  ,  26.953022424516334, 134.65985412517827,  98.60010946497171, 0.06260065256631611 , 0.0022105257687482513
317.66, 23.64,  4.91, 86.41, 45.81, 1945.4672408821448 ,     525.6266427914962 ,  808.51260807007   ,  741.7638637732975,       21.307550409138923,  28.15388321596163 , 145.99459972321205, 119.49376466774868, 0.05356754720522149 , 0.0037413242735936316
372.98, 16.98,  4.44, 86.1 , 57.49,  684.5399098335711 ,    1907.7213859390679 , 1871.303959005658  , 1018.4784899874775,      458.61095411512605 ,  29.172135939945377, 112.58488946866697,  89.25925187581556, 0.0686078710896472  , 0.003589360665631559
691.08, 26.72,  3.82, 93.9 , 59.32,  482.3090121701543 ,    1398.45798945767   , 1165.8266654453928 ,  815.0478232690732,      866.0748966843755  ,  23.451756752684563, 160.3208167121392 ,  99.55438964388168, 0.06159009208957358 , 0.003229108666191809
193.62, 27.24,  2.79, 70.71, 47.37, 1088.4214341596512 ,    3524.5678547607363 , 2164.295622973485  ,  822.9988995460368,       32.143293853919324,  24.28431197564437 , 159.95674952257707, 121.8912486394367 , 0.054438915070937   , 0.0023999482532379435
187.97, 22.95,  2.3 , 72.15, 41.3 , 1176.8659326756626 ,    5784.393853653417  , 2941.109724669796  ,  832.3582055593956,     1667.8065332286928  ,  23.355479745066955, 138.91001736700179, 124.91120068300211, 0.05233838909618516 , 0.001914720115412086
324.15, 10.95,  2.33, 53.54, 48.49, 1781.6075544582534 ,    8142.292921553806  , 4271.991535472162  , 1170.6085878946758,      875.476881352466   ,  26.08680039202054 ,  82.41367461719936,  85.62955120236477, 0.07501247420045556 , 0.0021516786259593084
275.67, 20.99,  2.23, 83.83, 52.72, 1233.6109931537899 ,    9535.797014272397  , 2040.480803352825  , 1009.8666051727346,       60.64486957416132 ,  19.11385715468571 , 129.26993559243476,  99.18194161301997, 0.06337878811737453 , 0.0024897691515731587
233.85, 24.14,  3.5 , 73.65, 42.92, 2799.8858641063903 ,     749.9513355405527 ,  318.9607710264347 ,  757.1442892995352,       38.478173109611895,  17.480704611689003, 146.69275689736537, 125.59859859434523, 0.05205121254170473 , 0.0020172056887663025
468.09, 10.88,  4.76, 97.45, 55.88, 1008.8167266773788 ,    2275.6161507454594 , 2330.129290994518  , 1103.0947004718705,      179.16546443508713 ,  31.515113736434465,  84.58988800387077,  84.2392255454145 , 0.07178110794806725 , 0.0031048536684107563
190.7 , 24.26,  3.32, 68.86, 47.14, 2856.5017126017756 ,     896.6890299115317 ,  628.2825314855052 ,  864.782315398137 ,       31.62743830575882 ,  16.503355963292165, 146.5712759171498 , 116.29385707215198, 0.05674155887412232 , 0.0023297650542763375
689.32, 15.24,  3.35, 59.49, 47.25,  833.988335914102  ,   69181.68389099676   , 2148.9191673157225 ,  916.9170776567545,   550308.0334942394     ,  29.30796419974965 , 106.67513870338983,  93.62263855642045, 0.0667882600693408  , 0.002089900639292586
216.83, 24.46,  4.92, 69.82, 40.91, 2312.7991604220047 ,     548.3720541840636 ,  857.6352004301649 ,  678.1466888251663,       23.755506379750987,  30.52033030418297 , 149.96820893039134, 135.27658751304944, 0.04937016401990804 , 0.0025142893268163334
221.1 , 24.26,  3.8 , 54.81, 47.4 , 2551.323005155232  ,     698.1182891755036 ,  311.6743202646963 ,  828.6076479870242,       38.6272938055822  ,  16.328340928447343, 147.05277599840522, 113.17409212521696, 0.05985650007870661 , 0.002857937384653187
529.64, 21.89,  4.82, 79.41, 56.75,  544.4677267933182 ,    1114.59979732967   , 1425.020399460189  ,  864.8714977140334,      351.16411530203163 ,  25.903390443561925, 138.5321684012387 ,  95.99029516951629, 0.06484934846877273 , 0.002395464569622618
357.06, 14.06,  3.43, 51.41, 44.29,  943.9458825223651 ,    4195.794291739448  , 2630.729548029016  ,  965.4802520106646,     1246.2966088376786  ,  30.817221453226153,  98.28148135448005,  96.1891095302749 , 0.06724523422243411 , 0.0018635527069251988
345.99, 22.17,  2.69, 80.0 , 49.27,  892.1486540130538 ,    2651.4096706159908 , 2166.7963535273693 ,  879.0000544229702,     1057.7055044046551  ,  21.56795441081407 , 135.95303518138192, 105.60892094726175, 0.05954715050073842 , 0.001986919053299672
330.79, 28.4 ,  4.43, 81.11, 40.83, 2226.5233786241156 ,     374.2866977394157 ,  299.90132055940535,  570.4503493888221,       38.57429953971349 ,  59.440638940219706, 170.32958416889852, 148.95557718431638, 0.04486932363741149 , 0.002888844878321895
593.16, 13.36,  4.23, 56.02, 49.77,  787.8341131651724 ,    3309.4192983019675 , 2169.1338770547245 ,  971.804852641519 ,      870.8351284664718  ,  32.384578581392404,  96.96845086338158,  88.229424010677  , 0.0716453688891597  , 0.0018680297098521517
313.63, 12.59,  2.73, 52.33, 52.68, 1302.8114658316915 ,    6544.422256826332  , 3152.689281354769  , 1165.0045108063828,     1256.7797708427988  ,  27.4384451092053  ,  89.90860336746283,  83.497079324746  , 0.07793906215806443 , 0.004190364503763837
321.64, 25.75,  3.82, 66.86, 40.2 , 2430.0575080977696 ,     427.80950720030376,  309.58342739559424,  633.4283824108229,       38.89420639948679 ,  89.08042281040517 , 156.96313954097647, 138.12865115025667, 0.04810457052634288 , 0.002008282974501547
185.83, 20.78,  4.22, 96.69, 55.24, 2245.203930239758  ,     759.0616795158213 ,  867.1182348422444 , 1044.2022186307763,       26.562095359784305,  23.936575466514476, 130.41792005532776, 101.11239171107108, 0.06302933047058364 , 0.002118654174086411
390.29, 13.9 ,  4.45, 68.89, 44.35,  818.1681567471398 ,    4687.690806025468  , 2183.298994349427  ,  926.7235458985236,       47.17504524054557 ,  34.83630098756719 ,  98.66904286027072,  99.85957082128202, 0.06312827647558776 , 0.0038805350179958145
362.56, 12.86,  2.27, 73.89, 46.85, 1603.9116520205018 ,    6282.467688852076  , 3698.587721879175  , 1079.2465464083543,      874.1253695070517  ,  23.383736471963687,  91.11389710461246,  92.05966074987158, 0.06711648758371414 , 0.0014299011931208044
604.49, 26.83,  3.63, 75.25, 54.42,  513.9018066732184 ,    7665.920385356099  , 1386.7007809620045 ,  772.133526003221 ,    17007.899484093505   ,  24.314126686957366, 164.02243058101635, 105.58352698102416, 0.05974279846062608 , 0.0031715633749840014
408.91, 20.62,  3.55, 87.51, 41.07,  851.3548203994736 ,    3170.5618596930085 , 1912.9696946717863 ,  751.7034945258421,       33.61278623867712 ,  27.703892736851685, 131.39904476546664, 120.03938733481331, 0.052428036425870364, 0.0016597558656061065
116.19, 13.93,  4.85, 77.64, 46.57, 3031.935411056773  ,     904.4089518918504 , 1230.524922333386  , 1153.3417068371382,       28.63512061093029 ,  31.91891716766898 ,  99.41722949879157, 105.02402805159643, 0.06247900527879092 , 0.0016521464394884128
465.73, 19.22,  3.15, 65.79, 42.3 ,  818.355047672021  ,    2551.6967760328544 , 2172.9431886951706 ,  798.4339000410631,     1081.3481106378945  ,  25.77278278311275 , 125.31243528609355, 111.19259121924054, 0.05688411886023006 , 0.0019167650716547019
466.56, 29.5 ,  4.16, 62.57, 54.1 ,  533.710767955582  ,    2837.6065760313113 , 1360.635539000368  ,  733.9407323905557,       32.74901762785277 ,  25.45652644133826 , 175.117459540673  , 110.02733142471796, 0.05999688178857649 , 0.0035606828695980775
571.48, 19.65,  2.57, 57.62, 48.34,  968.9174195132957 ,    3025.293329676315  , 1994.6517889985907 ,  872.6814464298039,     1084.067323044996   ,  19.7121585759036  , 125.42438336773564,  97.97823840272933, 0.06485767440619426 , 0.002443361593022397
361.65, 19.27,  2.41, 77.77, 42.22, 1115.4549730498084 ,    3458.8085411324505 , 2642.21100270916   ,  847.9250905752809,     1096.0124241310543  ,  21.47040557313706 , 121.66180807131464, 111.56230960490998, 0.05612822095675698 , 0.0015154016400702828
559.77, 14.61,  4.98, 83.62, 46.71,  696.5882574803463 ,    4424.810288706388  , 1926.217458709258  ,  889.4499999717215,       47.718124404807945,  34.83431402771517 , 104.68498753628927,  98.7794265155436 , 0.06237377026733838 , 0.0015652370128718192
201.69, 22.34,  2.4 , 71.61, 59.57, 1079.6924659729086 ,    3521.1010492323244 , 2488.6402004834904 , 1137.1951915808947,     1129.784054747673   ,  20.90695539057489 , 136.39691541383067,  94.07549971981584, 0.06917283914774335 , 0.0027405851889915523
146.87, 13.08,  2.99, 89.55, 50.9 , 1246.9453681062207 ,    6447.654165354688  , 3414.9302149272626 , 1297.6116765242596,     1599.3936061030336  ,  31.922124504969094,  92.23786855365563,  94.00007102133138, 0.06770173966897813 , 0.001489093381195111
520.74, 15.29,  3.93, 64.79, 55.64,  721.6054058844124 ,    4668.525974412123  , 1993.6321739086588 , 1011.6758143744039,     2824.9906804382576  ,  30.849496806413725, 105.21985382072891,  85.78738289763201, 0.07310431130312504 , 0.0021136195073738454
515.48, 10.88,  4.14, 85.23, 59.02,  890.7727266862059 ,   14588.568287210388  , 2476.005893437761  , 1146.8458504126427,    12606.092650104038   ,  35.81473546088324 ,  84.49217317162496,  80.17097489432153, 0.07586767397470967 , 0.0017782040627078181
372.03, 17.57,  3.16, 54.23, 45.49,  867.4503450491198 ,    3227.1061924280752 , 2332.108127011078  ,  904.1400251743044,     1184.7885272645103  ,  26.74620913641013 , 114.19461592877501, 100.06345437189486, 0.06462787249733677 , 0.002089213991534652
271.6 , 23.56,  4.48, 85.22, 45.7 , 2050.419456134969  ,     609.4165097195863 ,  804.8536251294038 ,  768.7561859861024,       23.453119427113595,  25.46141008638448 , 144.75971398857064, 119.35700883038781, 0.053843083257987506, 0.0026137702878533367
674.29, 21.16,  4.52, 64.45, 48.52,  535.5668722026018 ,    1400.849957672724  , 1533.4731030600253 ,  774.4256125701405,      566.3782866206238  ,  28.31355417677094 , 140.07501366194188, 104.32059616539988, 0.060625452586310795, 0.0025075722981659177
457.86, 12.14,  3.58, 64.88, 56.97,  948.6466267101448 ,   10043.515118406092  , 2534.899905893825  , 1128.9910019832403,     6212.050866188894   ,  32.735757125472276,  89.50672393473283,  81.02694938664128, 0.07737847290293177 , 0.0018939833229644565
530.12, 26.36,  2.16, 88.18, 53.88,  891.16804406728   ,    2196.3636206646247 , 1213.91616766306   ,  828.1309272473549,      553.2728841016825  ,  15.478953567182023, 157.10746272855994, 104.90870984358605, 0.05904701823283664 , 0.0027748427018241748
603.69, 10.78,  3.35, 75.77, 54.17, 1140.9884653965341 ,    6968.1558574005785 , 2716.710635474996  , 1111.8855528467775,     1749.4339886958378  ,  31.337393548886972,  84.31646720058079,  82.31202003366407, 0.07418657431667122 , 0.0017303204281805607
355.84, 15.17,  2.59, 88.37, 45.64, 1200.0906785014859 ,    4696.243308429746  , 2887.4715121764634 ,  989.0152355043265,     1268.4747551427697  ,  24.70225523607684 , 102.60496245387594,  99.02221917108854, 0.06221098888305365 , 0.0013855617924711384
200.42, 24.72,  2.6 , 54.44, 43.28, 1079.726266546419  ,    7076.580886231405  , 2438.076041369973  ,  805.5724181911434,       49.52525111815349 ,  24.788621889193408, 148.23610904482504, 122.31696418950457, 0.055565010539570144, 0.002853437618617504
477.12, 22.06,  2.91, 58.28, 58.68,  772.423322053687  ,    2547.9480379502625 , 1654.0839153268987 ,  946.6077498261825,     1147.5419463466     ,  20.45156759741021 , 137.09057253020657,  89.17962713162963, 0.07237357746269439 , 0.003130598126192497
649.33, 18.16,  4.27, 78.78, 58.7 ,  579.9882970301446 ,    2407.2986763358545 , 1555.0653746770408 ,  948.4831044046775,     1125.7358260187716  ,  29.304582683675928, 120.73777979180035,  87.9277891811505 , 0.06986127350728188 , 0.0024818683145711165
290.77, 16.35,  3.97, 56.0 , 41.47,  942.2497195751695 ,    2976.845066752351  , 2128.11778163132   ,  874.1415489106582,       34.1946608993769  ,  31.811177663879707, 109.4049163867649 , 107.67529053130238, 0.06036449383852259 , 0.0022882393116161618
647.07, 11.75,  4.1 , 97.61, 40.66,  897.717405925019  ,    4173.381617106379  , 2548.5922387694404 ,  903.663969532331 ,     1028.8147537094471  ,  34.770134280331966,  91.0560014286148 , 102.26750468527331, 0.05950380865044436 , 0.0013372318241945532
560.13, 29.61,  4.77, 83.67, 40.2 , 2002.3379093815252 ,     303.3867512521755 ,  326.46303542412875,  502.3954041600362,       35.60045247687991 ,  90.70711163012159 , 178.78702194437477, 155.8599434505188 , 0.04223927884236351 , 0.006277448161698085
605.36, 12.21,  3.95, 55.9 , 44.33,  899.4101589095277 ,    4163.057160207516  , 2463.801656821741  ,  941.7842276234782,     1137.6206872592534  ,  33.59129495813112 ,  94.25012380354495,  93.51847609783131, 0.06724943115183606 , 0.0017204706309291236
465.41, 11.3 ,  2.5 , 75.53, 47.6 , 1539.238521081727  ,    7422.323561768363  , 3408.052711257167  , 1091.9131577706555,     1419.567740056604   ,  26.334263667005466,  84.5958915172089 ,  88.92178468264699, 0.06902160349202253 , 0.001426731415894515
112.46, 14.38,  4.4 , 96.75, 57.82, 1071.2199582006542 ,    3186.260335508775  , 2423.655937348229  , 1401.039887335673 ,       37.81157128096285 ,  36.74603817418093 , 100.90962981401478,  93.77463789699459, 0.0693667561224482  , 0.0016848411398805055
182.67, 28.05,  2.59, 79.76, 46.53, 1106.0305645936155 ,    5076.478473807296  , 2332.9067380307156 ,  804.5425005352001,       38.94819982232939 ,  24.141714426857707, 164.26624912449944, 127.32608343990931, 0.051940067397812685, 0.0025068854939344445
590.05, 26.09,  2.55, 59.79, 51.3 ,  792.6385894683942 ,   22228.131761187335  , 1500.1535569526911 ,  784.393731567692 ,      154.03279168401207 ,  17.73337480600065 , 155.82612324676103, 104.89659094408061, 0.06153844251277342 , 0.0031777490142415534
512.74, 29.83,  4.44, 58.45, 59.49,  440.8044165610199 ,     958.783672160294  , 1235.0600710259803 ,  775.7756229399438,      506.7709070543887  ,  23.85986278675845 , 175.59283649003294, 100.39337281093178, 0.06626285764535411 , 0.004130000548553884
681.38, 14.6 ,  2.52, 52.03, 53.34, 1223.8163399448656 ,    4712.075395304389  , 2189.2909453037455 , 1021.8662609001551,     1086.8506329325528  ,  20.824278407752278, 102.76900531669784,  82.9730365968454 , 0.07659740078658184 , 0.0026218401550039392
332.44, 10.69,  2.67, 58.44, 48.86, 1517.6494778487172 ,    8285.055386425553  , 3670.2621476549484 , 1162.0318206342185,     1397.0977400641134  ,  29.163658994173247,  81.42055076517504,  86.19703716901783, 0.0738618897392334  , 0.003347826357001311
532.44, 13.99,  2.73, 71.89, 59.19, 1159.0417967153169 ,    5138.347562288855  , 2336.31059384907   , 1116.1413795443577,     1364.9686410161594  ,  23.797926847152432,  98.47577487238672,  80.85968334263868, 0.07621317336286006 , 0.0021149464825684513
192.3 , 26.29,  2.44, 70.89, 48.9 , 1022.7994226567677 ,    2654.953033661523  , 2640.7192528291253 ,  885.7590571440542,     1010.9209007796957  ,  22.31110964585832 , 154.6048483440163 , 115.84663693732145, 0.05689488753933654 , 0.0025716041156190017
